sequence,y_true,y_pred
YSTSANLPVMGHDKFPSDLDLDMFN,1.0,0.5420929
YSTSANLPVMGHEKFPSDLDLDMFN,0.0,0.5443819
YSVSFLGKIYCLLSEEALKPFLLNP,1.0,0.64189893
YSVSFLGKIYCLSSEEALKPFLLNP,0.0,0.64324117
YSYLKEFIHILYFRHLLVNPRDRRV,0.0,0.5700204
YSYLKEFIHILYYRHLLVNPRDRRV,1.0,0.57076067
YTAPHPHPA,0.0,0.40709746
YTAPYPHPA,1.0,0.42585993
YTDESFTPDLNIFQDVLHRDTLVKA,0.0,0.54949903
YTDESFTPDLNILQDVLHRDTLVKA,1.0,0.53136414
YTDFHCQYV,1.0,0.6189989
YTDFHCQYVK,1.0,0.6258861
YTDFPCQYV,0.0,0.50902987
YTDFPCQYVK,0.0,0.5221298
YTFLIFSDY,1.0,0.692367
YTFLISSDY,0.0,0.646026
YTGEEDGAGGHSLAPPQTEECLRER,1.0,0.49316332
YTGEEDGAGGHSPAPPQTEECLRER,0.0,0.49661618
YTIEEFMEL,1.0,0.5135136
YTMEEFMEL,0.0,0.49995795
YTPEHAASV,0.0,0.44865057
YTSEHAASV,1.0,0.4895546
YTSSLIKHRRIHIGERPYECSECGR,1.0,0.47225025
YTSSLIKHRRIHTGERPYECSECGR,0.0,0.4584232
YTWPSGNTY,0.0,0.48481542
YVCRCKQGYILNLDQTTCRIQDLCA,1.0,0.55283326
YVCRCKQGYILNLDQTTCRTVDYCA,1.0,0.5428856
YVCRCKQGYILNSDQTTCRIQDLCA,0.0,0.5038051
YVCRCKQGYILNSDQTTCRTVDYCA,0.0,0.5053976
YVDVTYDFI,0.0,0.5724578
YVDVTYDFII,0.0,0.60195416
YVDVTYNFI,1.0,0.62738115
YVDVTYNFII,1.0,0.6526316
YVGPRYGNPKEQKKYLLLFHSLFNP,0.0,0.57742345
YVGPRYGNPKEQRKYLLLFHSLFNP,1.0,0.5535817
YVKLANLPY,0.0,0.5602226
YVKLANLSY,1.0,0.6296626
YVLVMNDEHTERQYLLFFLLSWGLP,1.0,0.5675417
YVLVMNDEHTERRYLLFFLLSWGLP,0.0,0.5394905
YVSVNPTNGAIYALRSFNFEQTKAF,0.0,0.53960025
YVSVNPTNGAIYTLRSFNFEQTKAF,1.0,0.5628353
YVVPYMIHLL,0.0,0.55915236
YVVTISSLL,1.0,0.6202861
YWFENTRNGLFSKKEIEDIRNTTLR,0.0,0.5286734
YWFENTRNGLFSNKEIEDIRNTTLR,1.0,0.5266188
YWNLVLNGRFKFFDLWNKFLLEHHK,1.0,0.67485136
YWNLVLNGRFKFLDLWNKFLLEHHK,0.0,0.6555829
YYIVRVLGTLGILTVFWVCPLTIFN,0.0,0.50952584
YYIVRVLGTLGIMTVFWVCPLTIFN,1.0,0.50706315
