sequence,prediction
AEHSLQVAY,0.0
AMFWSVPTV,0.0
APARLERRHSAL,0.0
ARIGAIYSL,0.0
AYLEAIHKF,0.0
AYLSLLTQT,0.0
CLNEYHLFL,0.0
DANSFLQSV,0.0
EPRSGFHGVL,0.0
ETECEYFNRY,0.0
EVLPFFLFF,0.0
FFYLLDFTF,0.0
FLIYLDVSV,0.0
FLYNLLTRV,0.0
GLDDIKNLKV,0.0
GLFGDIYLA,0.0
GRIAFFLKY,0.0
HLYASLSRA,0.0
HMTEVVRHC,0.0
IILVAVPHV,0.0
ILDTAGKEEY,0.0
IMQTLAGELY,0.0
KINKNPKYK,0.0
KLILWRGLK,0.0
KLKLPIIMK,0.0
KLMNIQQKL,0.0
KMIGNHLWV,0.0
KTLTSVFQK,0.0
MLGEQLFPL,0.0
QLSCISTYV,0.0
QTDVGGSGLSRLDISVIFEALATGCTS,1.0
QTNPVTLQY,0.0
RVADKASKK,0.0
RVCGPCSTY,0.0
RVSTLRVSL,0.0
SIEDHCSIAQQRNLAQYFKKVLGDTLL,1.0
SPGPVKLEL,0.0
STPMFSMSSPISRRF,0.0
TEDEHFEFY,0.0
TENGLTLEGW,0.0
TLPEEFHEF,0.0
TLWCSPIKV,0.0
TLWCSPIKV ,0.0
TLYSLTLLY,0.0
VLLSWKVLDFSGPVPQGTGQPCSCGHW,0.0
VVPCEPPEV,0.0
YFLEFDQQY,0.0
GWVKPIIIGH,0.0
HPGSLPLHL,0.0
ITDMVEGAKK,0.0
KQNDISAEF,0.0
LLHGFSFYL,0.0
LVPPSKRKMWV,0.0
NNTPGTYLLSV,0.0
RLRMREHMMK,0.0
RLSDFSEQL,0.0
SAWLFRMWYI,0.0
YLLAPLREAL,0.0
YMQTASTSYY,0.0
YTERQRWDF,0.0
GVRGRVEEI,0.0
MLMAQEALAFL,0.0
EVISCKLIKR,0.0
APPAYEKLPSAEQF,1.0
APKSSSGFSL,0.0
TAISPIAVLPR,0.0
AAASATLAL,0.0
AAVSNMVQKI,0.0
ACAQCAKAFPKAYL,0.0
ACDPHSGHFV,0.0
ADKIQLINNMLDKVKEMIIGGGMAFTFLKV,1.0
AEAMEILLSL,0.0
AEFEVPKLVL,0.0
AEIFYQIVDL,0.0
AEPINIQTW,0.0
AESWISKM,0.0
AETYARYRYL,0.0
AEYQDMHSY,0.0
AFGSAHLFR,0.0
AFTNSSLNPVIYVFVCRLFRTKVWELYKQCTKK,1.0
AGQHIAKSLF,0.0
AHLFGRRYFPPKFQEAHFEFYQSKVFLDDL,0.0
AHTRTEATFFPPLLGI,0.0
AINRPTVLK,0.0
AKIILALKVSRKNLLYVCKLIFKISRNEKND,1.0
ALDHMFMYFL,0.0
ALDPHSGHFV,0.0
ALGALTVWL,0.0
ALHLSVIPTDLLAQQAGQLARRLWEASR,0.0
ALIHHNTYL,0.0
ALLETPSLLL,0.0
ALPPTVYEV,0.0
ALSPVIPHI,0.0
ALYFNSQWK,0.0
ALYGFVPVL,0.0
ANHDETSFLLPRKES,0.0
ANLRKLNFRLFVIRG,1.0
APARLERRHSA,0.0
APLQNSLKEL,0.0
AQDIYRASY,0.0
AQDIYRASYY,0.0
AQKPSPLELIHAQANRMAEDPAALKP,0.0
AQMCISGF,0.0
AQQITKTEV,0.0
ARGGLVDEKALAR,0.0
ARGGLVDEKALARAL,0.0
ARGGLVDEKALARALKE,1.0
ARGGLVDEKALARALKEGR,1.0
ARGGLVDEKALARALKEGRIR,1.0
ARGGLVDEKALARALKEGRIRGA,0.0
ARHDSDTSPPRRIRHYSSDTSPPRRARH,0.0
ARMEFFLLL,0.0
ARPVEWLGRCILDA,0.0
ARQKALVRERERQLA,0.0
ASKDRTIRV,0.0
ASNASSAAK,0.0
ASRYGIRGFSTIKIF,1.0
ASYTPQAL,0.0
ATDTNNLNVNY,0.0
ATRYNYTSEK,0.0
ATSPASASK,0.0
ATYKGVPYEVK,0.0
AVAFFPGNLSTSSSA,1.0
AVGSYVYSV,0.0
AVQSPRRSPRISFLLEKENEPPGRE,1.0
AVSDLSVRRHR,0.0
AWIENPEEAI,0.0
AWQLPQYALF,0.0
AYHSIEWAI,0.0
CAKAFPKAY,0.0
CAQCAKAFPK,0.0
CEFHACWPAFTVLGE,1.0
CFLFAAYLARYPHGGSRGWD,0.0
CGICRIGPKKDFFHCLK,1.0
CGKGFRRSSDLVKHHSVHTGEKPY,1.0
CGVGKSALT,0.0
CHALRFLHKNQLTHT,1.0
CILGKLFTK,0.0
CILGKLFTKK,0.0
CKMEKDIMSVLSYLNKQDQEKDNM,1.0
CLFAGIQRK,0.0
CLQKHLEVR,0.0
CMGGMNLR,0.0
CRVGYFRAL,0.0
CSANTTSCHTLGWGKTADG,1.0
CSTSISNFK,0.0
CSVSPSVSR,0.0
CTISLWDTY,0.0
CVRVSGQGL,0.0
CWISFDTHLLY,1.0
CYMEAVAL,0.0
CYMEAVALV,0.0
DDSGLPVVTSGCLGVEGSDFQCRKKK,1.0
DEKALARALKEGRIRGAAL,0.0
DFFQYFRATYPLLKAD,1.0
DFSQEFSPIQEAQQD,0.0
DGAWPVLLDKFVEWYK,1.0
DGHNDYGYQQPLYPEQGYDRPY,0.0
DGVSEEFWLVDLLPS,0.0
DHREIEGRVMF,0.0
DKQMLLFTHIRLAHGCSNHRKRLQAVQARLH,1.0
DLFMMPRIVDVTSLA,0.0
DMKARQKALV,0.0
DNTIFRRICTIAKHLE,0.0
DPPALASTNAEVT,0.0
DPYGNRPLCM,0.0
DRASFLLTDYALSPD,0.0
DRGQELVDGLKVCLQVALRAWNSCNEYMPSR,1.0
DRSVLAKKLKFVTLV,0.0
DTIDVSKLNR,0.0
DVFPQGLPNEYAFVT,0.0
DVKSDTGF,0.0
DVRKKLQRSSM,0.0
EAFIQPITR,0.0
EATFFPPLLGIPPLFA,0.0
EDLTVKIGDFGLATEKSRWSGSHQFEQLS,1.0
EEDRNVGKLF,0.0
EEFWLVDLLPSTHYT,0.0
EEKLIVVLF,0.0
EEMRLFLY,0.0
EENENSANL,0.0
EFISENCGEII,0.0
EGAVFLSFKLVQGDVFQEEAVTEALRA,1.0
EGKDWKEDKHCLRRLIFLKAQEKH,1.0
EHEGSGPEL,0.0
EHNAYHSIEWA,0.0
EIDLPRELEY,0.0
EIIPQCIAR,0.0
EKTSSGLYVFR,0.0
ELAKKCGITVSQVSKWFGNKRIRYKKNIG,1.0
ELLVRINRL,0.0
ELMRDINSM,0.0
EMDFVRLAQLFARAR,0.0
EMLFSHGLVK,0.0
EMRKEREEASSAQKVSIIQLFTNSSYR,1.0
ENQKAYYSSIVANRWL,0.0
EPAETPSETPGPRPKK,0.0
EPKHKHWCSI,0.0
EPRRKPELVLRAEGRLWLRVEPLS,1.0
EQEERREQLLKREEERRQQRL,1.0
ERELELRDTL,0.0
ERFWRNILLLSLHKG,0.0
ESGGAVAFFPGNLST,0.0
ESKEPKEEKQWRRCKPKKPTRRDAS,0.0
ESNPSDYPR,0.0
ESPLVGLETGGNAEKV,0.0
ETSFLLPRKESNIVD,0.0
ETVSEQSNV,0.0
EYFMKQMNDAR,0.0
EYYSKNLNSF,0.0
FAFQEYDSF,0.0
FEAEFTQVAKKEPDG,0.0
FEVRVCACPGRDWRTEEENLRKKGE,1.0
FGDVGSTLF,0.0
FGHMLYFLNCHLP,0.0
FHGLKSTDVAKTFRKVINKKEGICAIGGTSE,1.0
FIASNGVKLV,0.0
FLDEFMEGV,0.0
FLDPDLTNI,0.0
FLEGNEVGKTY,0.0
FLGNVEFFL,0.0
FLGSLLILV,0.0
FLLDEAIGL,0.0
FLLTDYALSPDGSIR,0.0
FLNCDIMLGV,0.0
FLSAKHRRQVYLQI,1.0
FLSDHLYLV,0.0
FLYWHLEDLNV,0.0
FMPDFDLHL,0.0
FPKKIQMLA,0.0
FPQGLPNEY,0.0
FPQGLPNEYAFVT,0.0
FPRAKMYFM,0.0
FPVHSEMLL,0.0
FQNGESATL,0.0
FRNEGIHL,0.0
FRRFPCLSL,0.0
FRSGLDSYV,0.0
FSSLNSGQI,0.0
FTDFENVP,0.0
FTLMYEERAV,0.0
FTNESYLELY,0.0
FVADWAGTFKMVFTP,0.0
FVISAVLY,0.0
FVNDIFVRI,0.0
FVVPYMIYLL,0.0
FYGKTILWF,0.0
FYMHEYPEGW,0.0
GAAGVGKSAL,0.0
GADGVGKSA,0.0
GADGVGKSAL,0.0
GAISASSTQKTPTTRL,1.0
GCSASEKVQEKEEGRIESGG,0.0
GDEDASHMEEVKKKK,1.0
GDVHSMVYPPSATKMASTLPSLSEISNP,1.0
GEEDGAGGHSL,0.0
GELIGILNAAKVPAD,0.0
GFAFVTFESPADAKAATRDMNGKSLD,1.0
GGLVDEKALARALKEGRIRGAAL,0.0
GGSRGQEIETSLANMETSLRSGQIPTK,1.0
GHEKETMKFLNDHLANYLEKVRQLE,1.0
GIICLDYKL,0.0
GIQYFNNNTQHSSLLTLNEVKRAQRQDTGE,0.0
GKFGDLTNNFSSPHAR,0.0
GKFQVATDALKSREPRAKPQLDLS,1.0
GLFGDIYLAI,0.0
GLGPGFSSY,0.0
GLLDEDFYA,0.0
GLVITTHHPAPSAAPYGLALSPVTRPPQPR,1.0
GLYGNLIVL,0.0
GLYVFRNER,0.0
GMHMGQLLK,0.0
GNISILQENDFGVFGMDDREIMREG,1.0
GPSWSYVL,0.0
GQFLTPNSH,0.0
GRTEPGKGPQQEVRRRDQFPLT,0.0
GSAACFSHSVADSHEVAFCQAKLPFLPPT,1.0
GSAEYMASEVVEVFT,0.0
GSQDSGAPGEAMETLGRAQRCDDSPAP,0.0
GTAKSVTCTYSPALNMMFCQLAKTCPVQLWVKKK,1.0
GTALVVPVFEIRRAR,0.0
GTRHKVLLRRLLAFFFDRNTLANSCGT,1.0
GTSAEGAHLRALMQSACLLSDMESFKA,1.0
GVYPMPGTQK,0.0
GWAGGGPRPQRKEVATYFSKV,1.0
GWAGGGPRPTRKEVATYFSKV,1.0
GWVKPIIIGHHAYGDQYRAT,0.0
GYNSYSVSNSEKHIM,0.0
HAINDMTSI,0.0
HALRRHYHL,0.0
HDFFESLHRRQAFHI,1.0
HDLGRLHSC,0.0
HESQVYTLDVPDAFYYSYSPDPGNAKGKK,1.0
HHEVPKHVHIFLVNLYVLVPPVLNP,1.0
HHKFHSQRHRSKK,0.0
HHMWISIPF,0.0
HHVKEQYFKSAAMTLSERFTSYQKATEE,0.0
HIAKSLFEV,0.0
HIVEQKNGKERVHILWHFLQKEAEL,1.0
HLFDIQGLPK,0.0
HLFPTMPRHI,0.0
HMANQWALGK,0.0
HNAYHSIEWAI,0.0
HNVAMMLAQLVSGGS,1.0
HPRAVTGFLWRKTSKY,1.0
HQKRPIPI,0.0
HQKRPIPIKY,0.0
HQNPVTGLLL,0.0
HRINYEESMMARLSVSKREKGRRKRA,1.0
HSCVMASLR,0.0
HSIHPYTVF,0.0
HSVSSAFKK,0.0
HTVTQFSSV,0.0
HVKITDFGR,0.0
HVKITDFGRAK,0.0
HVKITDFGRAKLLGAEE,0.0
HWTNCILHEYKNLSTS,1.0
HYNYMCNSSCMGSMN,1.0
IAFGSAHLFR,0.0
IASPIKEL,0.0
IEIERQKEMLRNNESRILHLQRVIDSQAEKL,1.0
IEITAKNGRIYTLTRVLIPPSIVPILPHRC,0.0
IGSPIAAVIAR,0.0
IHITLLLSTQLYY,0.0
IHLFEAEFTQVAKKE,0.0
IIHQKPKLKDWHPPGCFILGLWALI,1.0
ILAALFLGL,0.0
ILAKISRPKKRAKTIMFSKNAVISKRGGKLC,1.0
ILCETCLIV,0.0
ILDKVLVHL,0.0
ILDTAGHEEY,0.0
ILDTAGREEY,0.0
ILFRTPSVAK,0.0
ILMHGLVSL,0.0
ILNAMIAKI,0.0
ILTGLNYEV,0.0
IMNSFVNDIFERIAGQASRLAHYNKRSTIT,0.0
INKYGVSLIY,0.0
IPIDGIFFTY,0.0
IPLSDNTIF,0.0
IPLSDNTIFRRICTI,0.0
IPRLVSGWVKPIIIGSHAYGDQYRATD,1.0
IPYFQTINI,0.0
ISANAVEQIV,0.0
ISDSLLWKY,0.0
ISFDTHLLY,0.0
ISLPGVSSTK,0.0
ITDFGRAKL,0.0
ITLIGLPWSFLGWLGK,1.0
IYHSQSPHYF,0.0
IYKAPCENW,0.0
KAGGLAEGAGALAPPPLPPQIKVEPI,0.0
KALARALKEGRIRGAAL,0.0
KARLPVGAY,0.0
KASGDPYWAYSCAYGPEHWVTS,1.0
KASPVTFPAAAFPTAS,0.0
KAWENFPNV,0.0
KCENMTITSRGTTVT,0.0
KDFNLLRLLGANAF,0.0
KELEGILLL,0.0
KELLKHPFTL,0.0
KEVFKECIGY,0.0
KEVTHQGLSPLTLLIPVSSHH,1.0
KEWMRLCTSL,0.0
KFCPRPFENPLSHLR,0.0
KFPELFNWFKIF,0.0
KFSKPALQSQSISLV,0.0
KGGPAVAQSW,0.0
KHGKLKFGTFGGLGSKTKGHYEVTGS,1.0
KIFSEVTLK,0.0
KILDAVVAQK,0.0
KITDFGRAK,0.0
KITDFGRAKLL,0.0
KKADAELSWITETEKKLVSLGDIRLEQDQTS,0.0
KKFFGYDEVQGLPLPLLQEAQAASPLRV,1.0
KKKKKKKDSPILGDYRAFLDEMRQCFGWDDDED,0.0
KKKMYLTDLAFIEEGTPNCTEDGLVNFSKMRMIS,1.0
KKLFVRIGAMLAYTPLDQKSLALLLGYLHDFLK,1.0
KKNWSANFDVPMETTHSAPLDSVG,1.0
KKTEGPECDVTYDITATVPYNLRVRAT,1.0
KKTTAVYVFFLSSLLQPLGGSQEHGL,1.0
KKWFLFQDSKKIQVE,0.0
KLFEFLVYGV,0.0
KLKFVTLVF,0.0
KLLSFHSV,0.0
KLLVSRHLPVFTYTDNRALLEDQLFIPD,1.0
KLMLKLTAL,0.0
KLNFRLFVIRGQPAD,0.0
KLNLFQVRF,0.0
KLRDEISLAK,0.0
KLSHQLVLL,0.0
KLVVVGADGV,0.0
KLVVVGAVGV,0.0
KLWEIVSLGGTPYCGITCAELYEKLPQGYRL,0.0
KLYEEPLLK,0.0
KLYGLDWAEL,0.0
KPAIFVASL,0.0
KPALQSQSISLVQQS,0.0
KPDYWSGVMGGSSGASHGPSAMEYNKEDR,0.0
KPFCVLISL,0.0
KPHRYRPGTVTL,0.0
KPKKENLWRM,0.0
KPSDTPRPVM,0.0
KPYTRIHIL,0.0
KQDGYDSV,0.0
KRIHQFGIVHL,0.0
KRLWGEKAGRLPESEPLFTYTLDEK,1.0
KRSCKGALYK,0.0
KRYCFGEGL,0.0
KSAKSDAPK,0.0
KSFIFMSEDALTKPQKLMVLIHGSG,1.0
KSFKEIKLW,0.0
KSGCIVNNLAEFTVDSKDAGKAPLK,1.0
KSLDGKTIKVEQATKP,0.0
KSLLRAAFFGKCFLDR,0.0
KSRREFDKIELAYRR,0.0
KSVTCTYSPALNKMLCQLAKTCPVQLWVDS,1.0
KTDTGVHATL,0.0
KTFNWSSALNK,0.0
KTGEQRVVTL,0.0
KTLTSVFQKK,0.0
KTRPRSPEK,0.0
KTYQVSYGFR,0.0
KVCGTAFTW,0.0
KVDPIGHVY,0.0
KVDPIGHVYIF,0.0
KVFNAPAL,0.0
KVLKVAMKK,0.0
KVQEKEEGRIESVVFVVALGF,1.0
KWGLALAAVF,0.0
KWTDLFDNKVSTFAYKHALVNKMYGR,1.0
KYEKSAVLASNSQFLVK,1.0
KYIKTWRPRYF,0.0
KYMDSYDIVLVQGESLEVANSILQKILKK,1.0
LAAFGHMLY,0.0
LADFRLARLYSSEESR,0.0
LADGGYDVEKNNSRI,0.0
LAKKLKFVTLVFRHGD,0.0
LANKPIAPNF,0.0
LARALKEGRIRGAAL,0.0
LATGGEAAFELEMLDLSHNQLLFFP,1.0
LBESLAVLLL,0.0
LCTDVALPLIVHNIQ,0.0
LDGEYFTLEIRGRERFE,0.0
LEVSNSPLSEEAILGFEYGMSIESP,1.0
LFRQFTFVNSKTVT,0.0
LHHFNARGRM,0.0
LHILASFLRKNQRALGLATLAALDALAQSQG,1.0
LHMSPFAAGVTLLRDGRPKAIVEDDEK,0.0
LIIPFIHLI,0.0
LIPKEDGVITASKDRTIRVWLKRDS,1.0
LIRKAEKA,0.0
LITDVALHEVVDLFRTYDASLAMLMRKGQDS,0.0
LKALHSRGDGGPKAFKGLGSSPDLELLLRS,1.0
LKKRKPRVKKENRVPRLKEEHGIEL,0.0
LLDIVAPK,0.0
LLFGMPPCL,0.0
LLFQNTDLGSFHDLLR,0.0
LLGRNSFELRVCACPGR,0.0
LLGVKLFGV,0.0
LLKHPFTLM,0.0
LLLDDLLVSI,0.0
LLLMSTLGI,0.0
LLQCTQQAV,0.0
LLRPYFLDLRLYDTERDNAKGLKAFYDAIKY,0.0
LLTSGDPPTSASQSAGITVKK,1.0
LLYQELLPL,0.0
LMKVDPIGHVY,0.0
LPGKIHLFEAEFTQV,0.0
LPHPRRREAPGSLPLSPRGHCPP,0.0
LPHTARIPG,0.0
LPKLQMPSFKMPKVDHKGPQIDI,0.0
LPNEYAFVT,0.0
LPNEYAFVTT,0.0
LPRQYWEAL,0.0
LQQLKALLNHLDVRVGRGNVTQHVQGH,0.0
LQQPLGLTWL,0.0
LQTIKDIASPI,0.0
LRAAFFGKCF,0.0
LRGLPGFVAAFVNIHL,1.0
LRLHSFPTML,0.0
LRLHSFPTMLK,0.0
LRQSLALFPRLECSGTISAHCNLHL,1.0
LRRDATIVY,0.0
LRTKVYAEL,0.0
LRTSLSLLRVSWIQGGGEDPCV,0.0
LSALLSRQVPPDPVQAEEKLLPQPVIQH,1.0
LSDGPSMGRY,0.0
LSEEAILGFEY,0.0
LSLVFVDKPKKAKLL,0.0
LSPSEVKQLLLDILHPQQNGRCWLNRRQID,0.0
LSRLSNRLL,0.0
LSSVSFFLV,0.0
LSVWNRQVL,0.0
LTDDRLFTCY,0.0
LTSTVQLIM,0.0
LTSTVQLIMQLMPFGCL,1.0
LVDEKALARALKEGRIRGAAL,0.0
LVLMCGPPPI,0.0
LVQKVASKIPFPDRI,0.0
LVRVGDHWEDALPDQAYAAAGPGPG,0.0
LVVVGAVGV,0.0
LWWVNNQSLPVSP,0.0
LYNGMEHLI,0.0
LYPEFIASI,0.0
MAKAKAVAL,0.0
MAKVSEPYDVTWEEMRDKM,1.0
MASVDNPLMCRLLGICL,1.0
MEKDIMSVLSYLKKQGQEKDNMIEKLKQQLN,0.0
MERDKQSKW,0.0
MGKSTHTSM,0.0
MIFEKHGFRRTTPP,0.0
MKRVFGFPVHYTDVS,0.0
MKSFQKTPHY,0.0
MLAVISCAV,0.0
MLCSDSSLQL,0.0
MLFSHGLVK,0.0
MLICCCCTL,0.0
MLIGIPVYV,0.0
MLLAVLYCL,0.0
MPIEPGDIGC,0.0
MPYGYVLNEF,0.0
MQKMTDQVNYKAMKLTLLQKKIDNIS,1.0
MQLMPFGCL,0.0
MQLMPFGCLL,0.0
MQLMPFGSLL,0.0
MRCLTKPMLLRALAQAARAGP,0.0
MSILSGCDY,0.0
MSLPARLRPTVPARPLATHPRSASLSHPG,0.0
MSLPLTARWK,0.0
MTEYKLVVVGAGGVGKSALTIQLI,1.0
MTEYKLVVVGAVGVGKSALTIQLIQ,1.0
MTITSRGTTVTPTKE,0.0
MVAAEHRHSSGLPYWLYLTAETLKNRMGRQP,1.0
MVKTLRLHSFPTMLKECSP,0.0
MVMGVLKQAFDVLVL,0.0
MVNTVAGAMK,0.0
NAYHSIEWAI,0.0
NDRYVLGISDTLIRL,0.0
NENLDLQEL,0.0
NERGVSSCDRLTDPH,0.0
NFMNDGFFLKVTALTKKPDVYI,0.0
NGKERVHIL,0.0
NHHYLLFQNTDLGSF,0.0
NHVVDISKSGLITIA,0.0
NIFAILESV,0.0
NIFKALFCSFRAQHV,0.0
NIIFLHEDLTV,0.0
NILELASGAVLR,0.0
NILERNKARDLALVIRDSERQGKAQVL,0.0
NKKQLDPTRLRLICHYVEAVYPVEKMEEV,0.0
NLACADITF,0.0
NLLGRNSFK,0.0
NLNCCSVPV,0.0
NMFEISDRFIGIYKT,0.0
NNSKKKWFLFQDSKK,0.0
NPEVHVRAEPVQGLSLQLQGSLLQSDTYQILQPTSYLCWPELSYKD,1.0
NQWGGTALVVPVFEI,0.0
NRISNCSQRAGASPGSLPERKGPE,0.0
NTFRHSVVVPCEPPE,0.0
NVQMLFSNPLYEPV,0.0
PAARRSLLHRLPPTAHGVGPLLLQLGTEPPA,0.0
PASAKSRREFDKIEL,0.0
PAYSSPRRERLRWPPRPKPRLKSGGG,0.0
PENDDLFMMPRIVDV,0.0
PGGDSGELITDAHEL,0.0
PKKIQMLARDFLDEY,0.0
PLRVSVGDFSQEFSP,0.0
PPSSASQSAGITGVSHRT,0.0
PQRPSDWSKKTNEPLGKLTSLFKLIV,0.0
PRLLFAPEYGPKLKL,0.0
PRLSRELLHEKGPEVLQDSL,0.0
PSDTRQMLFY,0.0
PSQFARVPGYVGSPLA,0.0
PYYFAAELPPRNLPEP,0.0
QDFRRNILSVCKEAVDL   ,0.0
QEECLWMAV,0.0
QEFENIKSY,0.0
QEVGAAVGEL,0.0
QFEMQSRKTTQSEQMSGEGKAGPPG,1.0
QGVVREWFDILSIEIVNPDYALFTQ,1.0
QHMTEVVRHCPHHER,0.0
QKTYQVSYGFR     ,0.0
QLCDVMFYL,0.0
QLLKGVQKK,0.0
QNMYRGYRPRFRRGPLRQRQPREDG,0.0
QPVLIAVVL,0.0
QQFAVGSYV,0.0
QQITKTEV,0.0
QREKSQQVL,0.0
QSAMFNDYNFVFTSLAKKQQQQQS,1.0
QSPSLYGNSSPPLNK,1.0
QSTEDVFPQGLPNEY,1.0
QTYQHMWNY,0.0
QVNRYNISLLK,1.0
RAADAACNGLPGSGSRRAPGKG,1.0
RAFKERQSSK,0.0
RALGLPPPVCVFPKTEAEWTASFFN,1.0
RALKEGRIRGAAL,0.0
RALREMRDLLMNLGQEVTRACEDKRR,1.0
RDGNIEITVGSNMKNQIEQLGKK,1.0
RDTQAVRLYK,0.0
REDDSLHAY,0.0
REFDKIELAY,0.0
REFDKIELAYRR,0.0
REGVFDGAASVQELML,1.0
REIEGRVMF,0.0
REPFVLMQL,0.0
REQCGLELSIDRLRLRKKTWKNPGT,1.0
RFKDIFQEM,0.0
RFLEYLPLRF,0.0
RFNLIANQHLLAPGF,0.0
RGPPPRSVGPPPKRSAA,0.0
RGRAMAIYK,0.0
RGRELRFNLIANQHLL,0.0
RGRMQTASL,0.0
RHDLPPYRVYL,0.0
RIHTGEKPYKYKECGKAFNQTSHLIR,1.0
RILKVTEFK,0.0
RILLVAASY,0.0
RIVWRLKRQPCAGPD,0.0
RKILSKLSLPTRAWEQAMKKSFAFDNVGYE,1.0
RKQLEEQRQSKRLQRQLQQEHAYLK,0.0
RKRKFINRGLAHDSEEL       ,0.0
RKTTQSEQM,0.0
RKTVRARSRTPSCRSRSHTPSRRRR,0.0
RKWEFSVPFHQALNGVHPAPLCTIRTLKAEI,0.0
RLAAFGHMLY,0.0
RLFGEAGPASGVGSSSGGGSGSGTGGGDAALK,1.0
RLFPGLTIKI,0.0
RLFPYALHK,0.0
RLLQCTQQAV,0.0
RLSQVSDTV,0.0
RMEHFYLSF,0.0
RMQYSMECF,0.0
RMQYSMECFQFMKKL,0.0
RMSAPSTGGV,0.0
RNASRENLNPPEPQPATGQ,0.0
RNDDKGDHTCRLISVVSHLGKTLKS,1.0
RNMVFAAKAMKS,0.0
RNTFRHSVVVPCE,0.0
RPALLWALLALWLCWAAPAHALQCRDGKKKKK,0.0
RPHHDQRSL,0.0
RPHVPESAF,0.0
RPIPIKYKA,0.0
RPIPIKYKAM,0.0
RPQGQRPAL,0.0
RPQLLKVKRKKPR,0.0
RQCEEVARVL,0.0
RQGIVPGNRLKILLVVPTRVGQGYVYE,1.0
RQLEVPWPYI,0.0
RQLLTQPHK,0.0
RRSMLFARH,0.0
RRTAALQEGLRREVSVPLTLAETVA,1.0
RSRLGPPDVY,0.0
RSSSRKYTEFPHGAISEDQAVGPA,1.0
RSSWGAWLS,0.0
RTDVKAYNVT,0.0
RTKVVQTLW,0.0
RTQAPPTPDKMQMTWTREKLIAEKYRS,0.0
RTREFTAKK,0.0
RVAGSMSSL,0.0
RVHPYQMIV,0.0
RVKEGYSPPDDVDIVIKK,1.0
RVRAMTIYKQ ,0.0
RVWDIVPTL,0.0
RVYDALNLL,0.0
RWNKGTILKASVDYICKLQKEQQRSKDLES,1.0
RYYVGHKAKF,0.0
SAPFLASAVSAQPLLPDQCPALCECSE,0.0
SARQRQRL,0.0
SASPLSVV,0.0
SAYQNTVHA,0.0
SCMGGMNWRPILTII,0.0
SCSRAVPQV,0.0
SDKKNNKCL,0.0
SDQKKKEEEEAAAAAAMATEGKKK,0.0
SEDPWFPKL,0.0
SEHEGSGPEL,0.0
SEIISFKSL,0.0
SEKLRHMLL,0.0
SELFRSGLDS,0.0
SELFRSGLDSY,0.0
SEPMFHSESL,0.0
SEPQCHPSF,0.0
SEPSETGVSLLRLAPPKTRRGSSLH,0.0
SEYEDGRGF,0.0
SFLLNTLQENVNKYQKVKTDTSQESKA,1.0
SFSYTLLSL,0.0
SGELITDAHELGVAH,0.0
SGGSNWPLRGCKGTYWEGGVRGL,0.0
SGIPENSFNVSSLVE,0.0
SGSPPLRVSVGDFSQ,0.0
SHETVIIEL,0.0
SHLASLKNNVSPVLR,0.0
SHMWSQMLVSTSGFFKSISNVSGKDIQPLI,1.0
SHTQTTLFHTFYELL,1.0
SKEYPVIFKSIMRQRL,0.0
SLAALKKALADGGYD,0.0
SLADEAEVYL,0.0
SLDEAALPEL,0.0
SLFEGIDIYT,0.0
SLKDISSCSV,0.0
SLKEPTSIAKSSRHPSYRS,0.0
SLKNNVSPVLRSHSF,0.0
SLPMKNFPV,0.0
SLRNNMFEISDRFIG,0.0
SLVQRRFSEGVLQSPGQDQEKLGGSLAALPQ,0.0
SMRLPLVLDK,0.0
SPGAHQKRPI,0.0
SPGEYINIDFGEPGAHLSPPAPPLLASAASS,1.0
SPGSLRRGLRSTSYCRAVVSGFDFDSPT,1.0
SPMIVGSPW,0.0
SPVTEIRTDL,0.0
SQFETLYNEHK,0.0
SQRTSWEFLQSLVSI,0.0
SRAKRRRTL,0.0
SRGTTVTPTKETVSLG,0.0
SRLQTRKNKKLALSS,0.0
SRPMSYDEKWQLSLDINKLPGEKLGR,1.0
SSALLSIFQSSPE,0.0
SSCMGGMNWR,0.0
SSGMASVIVSNTGPQSSPVKTKK,1.0
SSHYKFSKPALQSQS,0.0
SSQHASRGGQSDDYEDEGVPASYHTVS,0.0
SSQPQVPFYPNLQKSQ,0.0
SSYTGFANK,0.0
STLPPSRSL,0.0
STPLPGTRVR,0.0
STPSASPLSV,0.0
STVQLIMQL,0.0
STWKRAVM,0.0
SVGACGFSY,0.0
SVGDFSQEFSPIQEA,0.0
SVKSCKHTEK,0.0
SVLENFTIFL,0.0
SVQIISCQY,0.0
SWEFLQSLVSIKQEK,1.0
SWISDIRAGTAPLCRNHIKSSCSLI,0.0
SYFRGSYSY,0.0
SYLDSGIHF,0.0
SYMIMEIEL,0.0
TAWQSEDSY,0.0
TEERTDGERVAAVAPEERENVAVAKKKK,0.0
TEFFPFYAL,0.0
TESPFEQHI,0.0
TETVNHHYLLFQNTD,1.0
TEYKLVVVGAVGVGKSALTIQLIQNH,0.0
TFPAAAFPTASPANKD,0.0
TFPKKIQMLARDFLD,0.0
TGFLWRKTSKYMPRGS,0.0
TGRQVPEEQAAQLLLGKWIQEGGDMI,0.0
TIAVVNFLSR,0.0
TIDPASEFMFK,0.0
TILCFSGVALFCGFGHVALAGTVAILE,1.0
TKIPAVKLNKLLENF,1.0
TKRQVILLHTELERF,1.0
TLLVTGPSR,0.0
TLNNCTEAF,0.0
TLSPEEHRARLRKREAQLQSRK,0.0
TNILPVNQPVRLGAS,0.0
TPIEGTNMSF,0.0
TPLPGTRVRA,0.0
TPQSTKVPSLFEFHSPSWCLTPADR,0.0
TPTVPSSSF,0.0
TQIITGSDEF,0.0
TRKNKKLALSSTPSN,1.0
TRSSGSHFVF,0.0
TTAATHREK,0.0
TTLFHTFYELLIQKN,0.0
TVLSPTKKK,0.0
TVPHFWEAGLAQPPSCTSGGPHPPRI,1.0
TVYNFSAL,0.0
TVYNFSALV,0.0
TWQLNGEEL,0.0
TYDTVHRHL,0.0
TYLPSAWNF,0.0
TYLPSAWNFF,0.0
TYYRPGVNLSLSC,0.0
VARVPLGRSLTLSPR,0.0
VCFPVHSEM,0.0
VDHGKTTLLDKFRKTEVAAVETGGITQHIGA,0.0
VDNPLMCRL,0.0
VEHINISQDW,0.0
VELRRNVLVSPTPLAN,0.0
VERASAIAW,0.0
VESEDIAEL,0.0
VEWLGRCIL,0.0
VGADGVGKS,0.0
VGLAVNSAVLYVLL,0.0
VIAFGSAHLFR,0.0
VIFKSIMRQRLISPQL,0.0
VKITDFGRAK,0.0
VLENFTIFLV,0.0
VLFEDAVAY,0.0
VLFSADDHV,0.0
VLGVGVAGLLVNVLGHCLFHHHSGFSQDSG,1.0
VLLGVKLFGV,0.0
VLLNGLSLEADITANLDSPRVTVAQLKK,0.0
VLRHHLFAA,0.0
VLVKVAEARKNRPAGTIPSPYKDGS,1.0
VMKHLLSPL,0.0
VPALSHNM,0.0
VPSIHRPLEK,0.0
VPSQKTYQVSYGFRLGF   ,0.0
VQIISCQY,0.0
VQPSQVEYTADSTVAGMYYSYYMLPDGTYCLKK,1.0
VRDFSQVHPLAVLL,0.0
VRINTARPV,0.0
VRQNESNCRFRDIIVRKEEGFTHILLSSQT,1.0
VRTLLSQVNK,0.0
VSELMKVSAMSSPKV,0.0
VSFGGNLLM,0.0
VSPNAVIADPGLIRVENKFSLVPMEH,1.0
VSRVLIRELKRLDNIKQSPFLSHITSSIQGL,1.0
VSVQIISCQY,0.0
VTAGPTSLDLY,0.0
VTDTSSASTGHATPLPVTGLSS,1.0
VTEKLQPTY,0.0
VTLNDMKARQKALVR,0.0
VTREEMSSLM,0.0
VVGAAGVGK,0.0
VVGACGVGK,0.0
VVGADGVGK,0.0
VVGAVGVGK,0.0
VVMSWAPPV,0.0
VVPVFEIRRARRMPMN,0.0
VVRHCPHHERCSDSD,0.0
VVVGAVGVG,0.0
VYCEEYYLF,0.0
VYQYTFPDF,0.0
VYQYTFPDFL,0.0
WLIRETQPITK,0.0
WRNILLLSLH,0.0
WRTRGAISASSTQKT,0.0
WSYDSTLLAY,0.0
YFDSNMREFLLL,0.0
YGTGHILLY,0.0
YHSIEWAI,0.0
YIADETGRVMHYITSKESYRRQFEAIQ,1.0
YKIFQPGIGSHYVAQAGLELLDSSNLPALAF,1.0
YKLVVVGAGRVGKSALTIQ ,1.0
YKLVVVGAGVVGKSALTIQ ,1.0
YKQSQHMTEVVRHCPHHERCSDSDG,0.0
YKVQLQAGLELVVNSQKMAVPYRPNEHLRV,1.0
YLDGKVVDY,0.0
YLDSGIHSGATTTAPPLSGKG,1.0
YLDVFCPHYEDSVPEAKTERYVLYMVNFDGY,0.0
YLHFLELHT,0.0
YLLTDCNPA,0.0
YLNEAVFNFV,0.0
YLQPGPPWRL,0.0
YLSGFYAVV,0.0
YLSHLPLTCK,0.0
YLSNIIPAL,0.0
YLYDRLLRV,0.0
YLYHRVDVI,0.0
YMASEVVEVFTDQAT,0.0
YMCNSSCMGGMNQRPILTIITLEDS,1.0
YMDGTMSQV,0.0
YMKSLEFENK,0.0
YMMMWDCWHA,0.0
YMMMWDCWHAV,0.0
YPPPPPALL,0.0
YPVIFKSIM,0.0
YQVSYGFRL,0.0
YQYTFPDF,0.0
YQYTFPDFLY,0.0
YQYTQQNFRLKELQEMQVSQGQGS,1.0
YSKNLNSFF,1.0
YSLPNAPTV,0.0
YSMECFQFM,0.0
YSTLSIPPEMLALYKSYSSTFHSLE,1.0
YTDFHCQYV,0.0
YTDFHCQYVK,1.0
YTFSISQNPFPV,1.0
YVDFREYEYY,0.0
YVIFDEGHY,0.0
YYPPSQIAQL,0.0
YYSKNLNSF,1.0
YYSKNLNSFF,1.0
YYSSIVANRWLAVRLE,1.0
AGAFLSSPGLLAVFG,1.0
AIDAALTFV,0.0
ALFLVFGRTRK,0.0
ALPLSEPMRRSVSEE,0.0
ALSYLVSFQR,0.0
ARLQFSCYSSL,1.0
ASMPSSPPL,0.0
ATLVAAFTL,0.0
ATTLKAFFK,0.0
AYQSIKVRI,0.0
CIKTCDNWNK,1.0
CVFQSNFQEF,1.0
DADILSETFQLLK,1.0
DDIYPIDFY,0.0
DHYAYSYYL,0.0
DILSETFQLLK,1.0
DSADGSTVATA,0.0
DSFAGKGHTK,0.0
DYALSPDGSIRKATG,1.0
DYMIHIIEKW,0.0
EEMEPLPVM,0.0
EGFVLSGESCLPLA,1.0
EMSALLARRRRIVEK,1.0
EVADEAMGAL,0.0
EVFPEDTVTY,0.0
EVVRHCPHHER,0.0
FAIADTAYV,0.0
FFFFKTTAL,1.0
FGLLGNILLVI,0.0
FICAIIVVV,1.0
FIYKSDFVK,0.0
FLAPLFLVLL,0.0
FLGAGLFLYF,0.0
FLLRFLYTQL,1.0
FLQEVNVCGV,0.0
FLTAHSLPL,0.0
FMFVNSLLL,1.0
FPLTASKVL,0.0
FQSNFQEFY,1.0
FQYHSLNVI,1.0
FRQKTNLIL,1.0
FRSIYLNTLL,1.0
FSADIFFFF,0.0
FVLSGESCLPL,1.0
FWYYAKVDL,0.0
FYNDIILMV,1.0
GAQSWLWFV,1.0
GEKFRASSLKFPGL,0.0
GFPAERLEGVYSNNI,0.0
GLNFVSVKGPELLNM,1.0
GRKLFGTHF,1.0
GRQSWSLYV,1.0
GSDIMSFVI,1.0
GTYVRVTVQAR,1.0
HELMTLHGF,1.0
HELMTLHGFM,1.0
HIIRLMLEY,1.0
HLHCYRSSF,0.0
HLMWLERLY,1.0
HPFMTDEEY,0.0
HSKNCCLYVF,1.0
HTLLLWEHNR,1.0
HTQGLSPDCY,0.0
HYNYMCNSSSCMGSMN,1.0
IEILRNLYHEIIV,1.0
IETIINNFHQY,1.0
IHLFEAEFTQVAKKEPDG,1.0
ILGISNEFV,1.0
ILSETFQLLK,1.0
ILWIFSIYL,1.0
IMRTYTYEI,1.0
IMSSSLFNL,1.0
IPDSIALIQQL,0.0
IQMFTIVLVSY,1.0
IRLYQFRLIV,1.0
IRLYQFRLIVI,0.0
IRMKHCVMV,1.0
ISGHRSVFWY,1.0
ITCQSLRSPMY,1.0
ITVARCMKMAY,0.0
KENSLIIQF,1.0
KFLESCDEVI,1.0
KIYRRQVFK,0.0
KLADYLKVL,0.0
KLQFHCMPV,1.0
KQWLVWLFL,1.0
KRIPLPPHLC,1.0
KSDFVKHQRI,0.0
KVFEHVGSR,1.0
KVKFPVEKK,1.0
LDYEWGTVTF,1.0
LFGVCIYSF,1.0
LFQNTDLGSFHDLLR,1.0
LGNVWCFPY,1.0
LILFFHTLGLQTKEE,1.0
LILTYNLRNRIVFR,0.0
LIMQLMPFGCL,1.0
LLKAELVAGL,0.0
LLVDLAEEL,1.0
LMLEYQKILWK,0.0
LMTLHGFMMY,1.0
LPALAFTFFSL,1.0
LPHEAGFCV,1.0
LRIRDRYVM,0.0
LSETFQLLK,1.0
LSPTLNPIVY,0.0
LTAARPSQSVL,0.0
LVRRTLLHV,0.0
LYIWFKTACL,1.0
MEAIRLYQF,0.0
METLHIIYLEA,1.0
MLEYQKILWK,0.0
MLEYQKILWKV,0.0
MPLVILIVL,1.0
MPLVILIVLVL,0.0
MSQPDAQRY,1.0
MTLHGFMMY,0.0
NISEDVIFF,1.0
NNTDIRLIGEKLFHG,0.0
NRHDCWSLISL,0.0
NSKEETGHLENGN,1.0
PILEVEEMEPLPVM,0.0
PKPVLHMVSSEQHSG,0.0
PLFLVLLWV,1.0
PVKNLPQV,1.0
QELRELRFLLKEEQ,0.0
QSLFWSIFV,1.0
QWINYFDKRRDYLKF,1.0
REHALLAYM,0.0
RFLHDLHLL,0.0
RLDAVLMEV,0.0
RMWDFDIFL,1.0
RTDLVKSELLHIECQ,0.0
RTMAATTLK,0.0
RTSSTQQDNPK,0.0
RVRVMAIYK,1.0
RVYKCIFNH,0.0
RVYKCIFNHK,1.0
SEHSPVSEPV,1.0
SEIVPCLSERHKAYL,1.0
SFYNNLVSFASPLVT,1.0
SGLHIFPTKNLLIQ,1.0
SILEQMHRK,0.0
SLLRSLENV,1.0
SLRSHHYSL,0.0
SLVETPNYI,1.0
SMACVGFFL,0.0
SPMEKAISL,1.0
SPPHPGRLPDL,0.0
SSEDDGFFLGK,0.0
SSSKAPLPSL,1.0
TAHLNCNLF,1.0
TLHGFMMYL,1.0
TLIAIFPYARL,1.0
TQFLYIWFK,1.0
TSDYLSQSY,1.0
TSFLSINSKEETGHL,1.0
VADINDHAL,0.0
VAGCYLKYKNKNSLS,0.0
VFTQSFITVSI,1.0
VLAMAIYKQ,1.0
VLDGFIPGT,1.0
VLICLRLLMRY,1.0
VLWDYVYQL,0.0
VLWDYVYQLL,0.0
VRRASVCLITL,0.0
VSALSRAAEK,0.0
VYRPLHYPLL,0.0
WTGATITVTIK,1.0
WVLALFDEV,1.0
YFATLITELF,1.0
YILKYSVFL,1.0
YKLVVVGAV,1.0
YLCAGAVYF,0.0
YLTDKDFEFA,0.0
YMMNSVQENF,0.0
YVRVTVQARVM,0.0
KPLFRRMSSLELVIAGIVEN,1.0
RMSSLELVI,0.0
MLMAQEALAFLMAQGAMLAA,0.0
QGAMLAAQERRVPRAAEVPG,0.0
APRGVRMAVPLLRRMEGAPA,0.0
AYACNTSTL,0.0
CLSRRPWKRSWSAGSCPGMPHL,0.0
RTAACFSCTSRCLSRRPWKRSWS,0.0
VYFFLPDHL,0.0
VLPDVFIRC,0.0
VLPDVFIRCV,0.0
RSDSGQQARY,0.0
AARVSTSRRIPTEASRAPQRIPAPSPTST,1.0
AEGASVPRLAGPPPV QDRLPPCISSAGA,0.0
AGPKPSSSEWAVCWAP,0.0
AIKESPKANK,0.0
AIKTSPKANK,0.0
AKRHLIEMGTCRVEKWHTTKCELNIVWIKK,1.0
AYLISECAFPAFLLSELLFKQKTSCFYYKKKK,1.0
DEVFGSSRL,0.0
DKGHQFHVHPLLHSG,0.0
DYTPGKKKKKLGPKK,0.0
EEFLRLCKKIMMRSIQ,0.0
EPRWRRRRRRRWRWPVALQGVTTGVPRG,0.0
ERRGVSRSFPGRCHRYSGWGRRGPDLG,0.0
FEDRYVCHGISPMGTGFSLYC,1.0
FLIIWQNTM,0.0
FPSDSWCYF,0.0
FSIIHITLL,0.0
GARGGDPGRGYGPRGPGEWQHR,1.0
GEWQHRGNCSQPRARGAK,0.0
GLTRISIQRAQPLPP,0.0
GQEPLSHPALCSGASRWGCAG,1.0
GVPRGAPCPKPSLGTAATTFRRGGASGA,1.0
HQWLALLPLHGNRGLCGCSHR,1.0
HSVTDTVDYSLAMPGSK,0.0
HSYQLYTHPLLHPWD,0.0
IPVAIKTSPK,0.0
ISIQRAQPLPPCLPSF,0.0
IVKILSHLLLNRKQQLDSLASIL,1.0
KHLPQIFFRACVESAVWWMHSKKK,1.0
KKADASHCIQQILEAATLPSDGRGPSGPEA,0.0
KKKDTELQMEGSPISSSSQLSPLAPFGTNSQ,1.0
KKKEALFLQEVFQAERLLLQEEQEGGWRRR,1.0
KKKKKKLFFLMGLLFYGHHIQVFHRGCVNL,0.0
KKKKKPLEYPPDLGRATGAAAAADPSDADD,0.0
KKKKNEDILCPHAVFFFFQIYFFKLR,1.0
KKKSILLWKLQFDDNGTGEEPT,1.0
KKSGTFPFNEDEDINPKCCIYVPTKSMERNFW,1.0
KKYGHHIQVFHRGCVNLRITVGKWPQWHLF,0.0
KRKEEERKKKRNRPEEGSC,1.0
KRRWSALVI,0.0
KSAGDTHGPGWYPEVHGSRGIRGCYKLPK,0.0
KVDRERARQGTGSGPRV,0.0
KWKRGSEPVPEKKIG,0.0
LFRIKFKEPL,0.0
LHLVKRGAGTQEAGPAQRLYRGFSR,1.0
LPHLQGAF,0.0
LPLHHCPTRRRLLGPPKGPRLEPRWRRRRRR,0.0
MPLQTPTASWAWTSYSMPPWRIWWNITRR,0.0
NSTGSCATSWTTASGVGPGATS,0.0
PEGEKVKIPVAIKESPKANKEILD,1.0
PERRGVSRAFPGRCHRYSGWGRRGPDLG,0.0
PRAARGARVRVAAVHRHQQDLH,1.0
PTTGYRWMRRSQEKEECRAYMQMLRKLF,0.0
QLYTHPLLHPWDHRD,0.0
QQDLHGGAQLRGPGAPGHRAVRQPWRP,0.0
QVLPDADTLLHFARKVLQMDFLVHPA,1.0
REVREPGAAGRCRRSGACVPAAPSPFARSSSS,0.0
RIWWNITRRNPSLPWGR SIPVVSRTSC,0.0
RKRHLARTLLTAAREPRPAPPRHPPIKCEVLR,0.0
RLDPRMSTLQK,0.0
RLQPVHLDVWGEHERG,0.0
RLSSCVPVA,0.0
RMPLHEGSPLGELSSLYP,0.0
RRGPDLGQSQAGSNPITSRIDPCTPSSSTTP,1.0
RRRQEQQQQRQEQKK,0.0
RSLSSKASSPNCSAARVSTSRRIPTEAS,1.0
SAAREGGGQWPGPGRG,0.0
SHQIHSYQLYTHPLL,0.0
SIPVVSRTSCLTTWSCLSDSLHQGHPTASK,1.0
SLQQELLSALLSSGVRCWFRPWRS,1.0
SLVSPQPPQDGCPGLLPAPGALSATKK,0.0
SLYKFSPFPL,0.0
SPKANKEILDEAYVMAYVMAGVGSPYVSRLLG,0.0
SPSNETPKKKKEALFLQEVFQAERLL,1.0
SRGIRGCYKLPKGCIFEDRYVCHGISPMGT,1.0
TCLCLGPFTAPNASSRPAAP,0.0
TPSSSTTPSAPRGRQWPLEYPPDLGR,1.0
TTQEADSANTLQKQK,0.0
VKEDNIEAVGKKLHEI,0.0
VKIPVAIKTSPKANKEI,0.0
VSPHPRAPSTVACAPPNSTGSCA,1.0
YGMWGGGDAGCGRPPEPAGGGQAAAATEGGKK,0.0
CLAVEEVSL,0.0
FRYYRVSILL,0.0
ILPKVLILI,0.0
KIISFYTALL,0.0
KMILTGILLI,0.0
KSDIGWIWELW,0.0
LLHASFVTL,0.0
LLHASFVTLGK,0.0
MILTGILLIEI,0.0
RFWLRGGRCW,0.0
RYYRVSILL,0.0
KVYEGVWKK,0.0
ATGFKQSSKALQRPVAS,0.0
DKESEEEVS,0.0
GFKQSSKAL,0.0
IGRIAECILGMNPSR,0.0
MMYSPICLTQT,0.0
NSNHVASGAGEAAIETQSSSSEEIV,1.0
PVTWRRAPA,0.0
QFIDSSWYL,0.0
QRPYGYDQIM,0.0
REEMEVHEL,0.0
RIAECILGM,0.0
SLASPLQPT,0.0
SPANSIRHNL,0.0
SPQNSIRHNL,0.0
SSKALQRPV,0.0
TMKQICKKEIRRLHQY,0.0
WRRAPAPGA,0.0
AAAASYPAL,0.0
AAEYGAEAL,0.0
AAFRERASL,1.0
AAIAASRSV,1.0
AAKAALEDF,1.0
AASRSVVM,0.0
ADLTRVETF,0.0
AEAERLDVKAI,0.0
AEAGPEPEV,0.0
AEAPHLVQV,0.0
AEAPHLVQVDA,0.0
AEETPPFSNY,1.0
AEIATRLA,0.0
AERLDVKAI,0.0
AETYETTLEK,1.0
AEWRNGSTSSL,1.0
AGAGASPFREVDE,0.0
AILLPQPLK,1.0
AKVGTRLVF,1.0
AKYPAPERL,1.0
ALIQNKVL,1.0
ALQSRLQAL,0.0
ALSELSDLHA,0.0
ALSELSDLHAHKL,0.0
ALSPTLLQSL,1.0
ALWDRVVDL,0.0
AMAPERTGW,0.0
ANALAHRY,1.0
APAAAGAAL,0.0
APFPLGDSAL,0.0
APGGTGIVSA,0.0
APKKPTGVDL,0.0
AQFAGKDQTY,1.0
ARTSGGYVKL,0.0
ASADGTVKLW,0.0
ASGNHHVW,0.0
ASLDKFLANV,0.0
ASLTVMVL,0.0
ASPAVLEL,0.0
ASWVVPIDIK,1.0
ATAAKQVAAKP,1.0
ATIVPELNEI,0.0
ATPSLHTSV,0.0
AVHASLDKFLANV,0.0
AVSKPGLDYEL,1.0
AVTSVKVSQF,1.0
DEERIPVL,0.0
DENITTIQF,1.0
DFATPSLHTSV,1.0
DFILKPEL,1.0
DFLTEGGGV,1.0
DGVGKSAL,0.0
DHFETIIKY,1.0
DIFQVVKAI,0.0
DIKSEAQEEV,1.0
DISEYRVEHL,0.0
DITEVPDFSK,1.0
DLAGGTFDV,0.0
DLAGGTFDVS,0.0
DMAAQITQR,1.0
DMNQVLHAY,1.0
DPEEVLVTV,0.0
DRIINTLSI,0.0
DSPDGSNGL,0.0
DTSPVAVAL,0.0
DTVEYPYTSF,1.0
DVKAIGPLV,1.0
DVSVQVER,1.0
EAAPPFRGQVLF,0.0
EAARVAEQLRA,1.0
EAAYIGSMR,1.0
EAGNNSRVPR,1.0
EAGPGRALV,1.0
EEADFLLAY,0.0
EEATAAWAV,0.0
EEEAFGILP,0.0
EEEKFYLEP,0.0
EEEYPGVTA,0.0
EEPFGVIVH,0.0
EERVIDEEY,0.0
EESVMLLTV,0.0
EETPPFSNY,1.0
EEVTPILAI,0.0
EGSLGISHTR,1.0
EHIPESAGF,1.0
ELDPDIQLEY,1.0
ELNARRCSF,1.0
ELPDEVVVPL,0.0
EMDMHLSDY,1.0
ENITTIQFY,1.0
EQNFVSTSDIK,1.0
ESLIACKA,1.0
ESSPSIVHR,0.0
ETLKPGTCVKR,1.0
ETPPFSNYNTL,1.0
ETSKQVTRW,1.0
ETTEEMKYVL,0.0
ETYETTLEK,1.0
EVADAATLTM,1.0
EVLGSGMHHY,0.0
EVPPPGPAR,1.0
EVRPVETLR,0.0
EVRWFQSQF,1.0
EVTPILAIR,1.0
FADPIAANL,0.0
FAFDAVSKPGL,0.0
FAPKMSEIIL,0.0
FATPSLHTSV,0.0
FAVTEYPTL,1.0
FAVTEYPTLKF,1.0
FFLSLHGHKL,1.0
FHATNPLNL,1.0
FKLLSHSL,1.0
FLANVSTVL,1.0
FLANVSTVLTSKY,0.0
FLLDSCTKL,0.0
FLNDIFERI,1.0
FLSLHGHK,1.0
FPSPSKTSLTL,0.0
FPVHGFPT,0.0
FPVHGFPTL,0.0
FPVVNSHSL,0.0
FPYPGMTNQ,0.0
FQNALIVRY,1.0
FQRDYYDW,0.0
FVPPTAISHF,1.0
FVSTSDIKSM,0.0
GDFLTEGGGV,0.0
GEAGPGRAL,0.0
GEELDPPWL,0.0
GEVRPVETL,0.0
GEYIIRCSEI,1.0
GIAVSEEDTL,0.0
GLLDEAKRLLY,1.0
GLNVPVQSNK,1.0
GLRPTVDAL,1.0
GLSALILRY,1.0
GLVGIVVGTV,0.0
GPEELGLPM,0.0
GPSIHPGFLPW,0.0
GPYPFVQAV,0.0
GRSSTFISH,0.0
GRTGAGKSFL,0.0
GRTPLMISK,0.0
GRVLIGEGVLTK,0.0
GSLQLPPPR,1.0
GTIFIIKGVR,0.0
GTIFIIKGVRK,1.0
GTKKDVDVLK,1.0
GTSAPRKKK,1.0
GTTLILSKV,1.0
GVANALAHRY,0.0
GVSKIIGGNPK,1.0
HAAEYGAEAL,0.0
HDHFGIVEGL,1.0
HEDVKEAI,0.0
HHARLIFVF,0.0
HIKIEPVAI,1.0
HIYGSGGYAL,0.0
HPVSDHEATL,0.0
HRSYIDYLL,0.0
HSKPEDTDAW,1.0
HSPFTATSL,1.0
HSYSELCTW,1.0
IAASRSVVM,0.0
IAVSEEDTL,0.0
IEEDSAEKI,0.0
IEHNIRNAKY,1.0
IEVEVNEI,0.0
IFDLAGGTF,1.0
IFDLAGGTFDV,1.0
IINTDTLA,1.0
IKREYEQTLK,1.0
ILKSTVAVI,1.0
ILRDTSEDLGL,1.0
ILWESASLL,1.0
IPASVSAPK,0.0
IPTEEKPYKW,0.0
IQDQIQNCI,0.0
IQEIFAVPK,0.0
IQERLQKI,0.0
ISTFRQCAL,1.0
ITIPFDFDY,1.0
ITSELRAVEI,0.0
IVFIATSEF,1.0
IYTSSGQLQLF,0.0
KFLANVSTV,1.0
KFLANVSTVLTSKY,1.0
KIFTTSGNLK,0.0
KIREAEQQRVK,1.0
KIRGIVSEK,1.0
KITEPASVPIHK,1.0
KKFQSFQEH,0.0
KLDADINVT,0.0
KLFEDRVGTIK,1.0
KLFHDMNVSY,1.0
KLKAERQRGI,1.0
KLLSHSLLVTL,1.0
KTPEEIHKTF,0.0
KVCCCQILL,0.0
KVFKLGNKV,1.0
KVVLPSDVTSY,1.0
KVVTGVANA,0.0
KYINKTIRV,0.0
KYINKTIRVKF,0.0
LAETYETTLEK,0.0
LAGGTFDV,0.0
LAGKVLAL,0.0
LALATQRISRP,1.0
LAMVPSHAV,1.0
LAMVPSHAVVA,1.0
LELDELNRH,0.0
LELKAVHAY,1.0
LFHDMNVSY,1.0
LFLPVHRSYI,1.0
LFQQGKDLQQY,1.0
LFVVFQTVY,0.0
LIERSQSPV,0.0
LIERSQSPVHL,0.0
LIFDLAGGTF,0.0
LIKQIFEGV,1.0
LLFLPVHRSY,1.0
LLGRGQEAHL,0.0
LLSHSLLVTL,0.0
LLSHSLLVTLA,0.0
LLSYPRLL,1.0
LPALRSLGL,0.0
LPDEVVVPL,0.0
LPIQYEPV,0.0
LPIQYEPVL,0.0
LPSDDRGSL,0.0
LQARIAHQI,1.0
LQLNVKNGSF,1.0
LQLSQALSL,1.0
LRLTALLLR,0.0
LSAPLPLL,1.0
LSDPSIPGR,1.0
LSHSLLVTL,0.0
LSVMEEVLI,1.0
LTEKVSLLK,0.0
LVEPEGIEK,0.0
LVGPAQLSHW,1.0
LVVVGASGVGK,1.0
LVYDVSHNIAK,1.0
LVYGPLGAGK,1.0
LYEETGEFL,1.0
LYEETGEFLPI,1.0
MAIEAQQKF,0.0
MELKVESF,1.0
MIVRPSQPR,0.0
MLMKNISTK,1.0
MMPPLPGI,1.0
MNQVLHAY,0.0
MTFGLTDRPQL,1.0
NEKGKALIY,0.0
NEQSKLLKV,0.0
NETPVAVLTI,0.0
NFKLLSHSL,1.0
NIALSPTLL,1.0
NIREVGFEY,0.0
NSKRKAETL,1.0
NVDMRTISF,0.0
NVKNGSFVAK,1.0
NVLIFDLA,1.0
NYGTNVPVEF,1.0
PLDTEDAVR,0.0
PRAPGPQGF,0.0
PRGPAPAAL,0.0
PTDTNVLRY,0.0
QAQTDRVSL,1.0
QASGNHHVW,0.0
QAVAAVQKL,1.0
QDVSVQVER,0.0
QEFAPLGTV,0.0
QEFAPLGTVG,0.0
QEPVLGPV,0.0
QEVRNTLLNV,0.0
QIFEGVYYL,0.0
QIIPTEEKPYK,1.0
QLNVKNGSFV,1.0
QLPEPLPGL,1.0
QLYEETGEF,1.0
QMKNPILEL,1.0
QPSGVPTSL,0.0
QQLDPDEKIAY,1.0
QSYLDSGIHY,0.0
QTAAAVGVLK,0.0
QTDQMVFNTY,0.0
QTKPASLLY,1.0
QTYAVPLI,0.0
QVIVGVLQK,1.0
QYMDSSLVKI,0.0
RATIVPEL,0.0
RAVEIQIQEL,1.0
RDRDHERRL,0.0
REITDQEHNVVA,0.0
RFKDLGEEHF,0.0
RIKQTARK,1.0
RILNPLVSK,1.0
RIREGQTLR,0.0
RIRRENQVL,0.0
RLAETYETTL,0.0
RLFGFQVGR,1.0
RLFKGYEGSLIK,0.0
RLIERSQSPV,0.0
RLIKQIFEGV,1.0
RLLFSTLTSK,1.0
RLLGNVLVVV,1.0
RLLSAVTAR,1.0
RLVTVLEHRL,0.0
RPRAPGPAP,0.0
RQAQTDRVSL,0.0
RRFLAARAL,0.0
RRTELLEDL,0.0
RSMRTVYGLF,1.0
RTQDVSVQVER,1.0
RVATKGAATPK,0.0
RVDGRMLQY,0.0
RVLIGEGVLTK,1.0
RVYVHPFHL,0.0
RYLVRAIL,1.0
RYVLHVVAA,0.0
SAQGSDMSLTACKV,0.0
SARIIGVSH,0.0
SASLHPATV,0.0
SAVPVNHTQVM,0.0
SDESLIACKA,0.0
SDMSLTACKV,0.0
SEETKENERFTV,0.0
SELQKIHKA,0.0
SELSDLHAH,0.0
SELSDLHAHKL,0.0
SELTVHQRI,1.0
SENVYVNTA,1.0
SFGGSYGGSF,1.0
SIKDGEAVWV,1.0
SITSELRAV,0.0
SMAARVPI,0.0
SMRYFYTAV,1.0
SPALASRVA,0.0
SPFTATSL,0.0
SPHTPRRTSL,1.0
SPLQKALLA,0.0
SPSKTSLTL,0.0
SPVLGLRGL,0.0
SRFLKSDIF,0.0
SRFLSQLDK,0.0
SRKEFEPIL,0.0
SSAAAPFPL,1.0
SSTSNRSSTW,1.0
SVAGGLFVGK,0.0
SVKPHLCSL,1.0
SVLLPENYITK,1.0
SVRENRSLF,0.0
SVSDISEYR,0.0
SVSDISEYRV,0.0
SVTNEFCLK,1.0
SYIDYLLLTF,1.0
TEEDVKIKF,0.0
TEGGFVEGVNKKLSL,0.0
TEILLRKL,1.0
TEQKQTSVL,1.0
TERIVAVSF,0.0
TEYKLVVVGAV,1.0
THHQQDPAF,1.0
TLNQIDSVKV,0.0
TLTKNIVEL,1.0
TPLATLKST,0.0
TPLTKDVTL,0.0
TPSAAVKLI,0.0
TRISNIFVI,1.0
TRKVPQVSTPTL,0.0
TSIVVSQTL,0.0
TVAVIIFPV,1.0
TYITERIVAV,0.0
VAKGFISRM,1.0
VALVVPVSI,1.0
VANALAHRY,1.0
VDNIIIQSI,1.0
VEIEQLTY,0.0
VEMLGLISC,1.0
VENQKHSL,1.0
VEYPYTSF,0.0
VFKDLSVTL,1.0
VGADGVGKSAL,0.0
VGEVTSTSKYC,0.0
VGVGKSAL,0.0
VIMLNGTKK,1.0
VKNGSFVAKI,1.0
VLDAGSSHTSIY,1.0
VLLLRLAET,1.0
VLYHGQVL,0.0
VNLPINGNVKQ,1.0
VPDQKSKQL,0.0
VPILNPVVY,0.0
VPLPGPPGPPG,1.0
VPPFLQPE,0.0
VPVNHTQVM,0.0
VQVALSRV,1.0
VSKIIGGNPK,1.0
VSKPGLDYEL,1.0
VTLDVILER,1.0
VTNHAPLSW,0.0
VVLPSDVTSY,1.0
VVSHPHLVYW,0.0
VVVGACGVGK,0.0
VYVNTAHL,1.0
WILKSTVAV,1.0
WILKSTVAVI,0.0
WVVSHPHLV,1.0
YAQLHSFTL,1.0
YDLQTVPIE,0.0
YEAAYVGAY,0.0
YEETGEFLPI,0.0
YEHEDVKEA,0.0
YEHEDVKEAI,0.0
YHGDPMPCL,1.0
YIDERFERY,0.0
YLSELLQTV,1.0
YNTDDIEFY,0.0
YPAPQPPVL,0.0
YSDNSNDSF,1.0
YSNYYCGLRY,1.0
YTAVHYAASY,0.0
YTFEIQGV,0.0
YTFEIQGVNGV,0.0
YTTVRALTL,1.0
YVFGKPFATPLGY,1.0
YVSEKDVISAK,1.0
YVSEVPVSV,1.0
YYSAVDPTK,1.0
EVYAAGKYV,1.0
YAAGKYVSF,0.0
LAMSDVSHPK,0.0
AMSDVSHPK,0.0
FRYVAQAGL,0.0
TLFLLSLPL,1.0
FLLSLPLPV,1.0
SVLDDVRGW,1.0
LTSQGKSAF,1.0
HETLRLLL,0.0
IIAPPPPPK,1.0
KILILLQSL,1.0
KISLYLPAL,1.0
KPSVFPLSL,0.0
LLAATILLSV,1.0
LPFEQKSL,0.0
LVFNIILHR,1.0
MISPVLALK,0.0
QRFQGRVTM,0.0
RIFGFRLWK,0.0
SLREKGFSI,1.0
SLSYLILKK,1.0
SLTALVFHV,1.0
SRFSGVPDRF,0.0
SSASQLPSK,1.0
SVIQTGHLAK,0.0
TSFAETWMK,0.0
TSIPKPNLK,0.0
TTLKYLWKK,1.0
TYTQNFNKF,1.0
VPAALRSL,0.0
HSPSPFYQL,1.0
IHNNAAKSL,1.0
KLGGNRQLNY,1.0
LHLETPLVVK,1.0
LRNSGGEVF,0.0
LTFVPNTGK,1.0
PEKEQRKTL,0.0
PRAAGPDPRL,0.0
PRLEHCIEY,0.0
PRTPLSYSI,1.0
PRVPPVEYL,0.0
QPMDTRQLY,0.0
RAPKQMSLL,0.0
RAPNIHRHVIL,0.0
RHIDLKLNK,0.0
RRIDVINVF,0.0
RSADHAISL,0.0
RSFSGGFGA,1.0
RSLATLNEK,1.0
RSMAPPASR,1.0
RSPTAEGVL,0.0
SPRGEAQLK,0.0
TRYPTPVQK,1.0
VPSEPKLLS,0.0
WPVLLLNV,0.0
