,sequence,y_pred
0,MEIYRDTTSNVTLEHPVTGTLTADIKRGDAVISANQPVTSSGNIHTTSIDWSLTEYDGTLTVVWKKTGFSRMTYVDVVTPIVPLSQLAELLDDVEQQDRYDAEAVVRRIIEVYTGQSFGKFRGTKDVAGNDSSRLALPMPLISFTDMNDSVLAYDPSAFRVTGEGWFLGQAPGAWWTIKDAPPEEVLDQFSDGVIYAPGTIKKRDFSYTSVYTITGDWGYESVPYPVIQAAKMLISDYACQDASYRDKYLESMKAADWRIQFTQGAYDGTGNLKADQLLEPYRLVNMVVI,0.9032744
1,MTRIIGGVAGGRRIAVPPRGTRPTTDRVRESLFNIVTARRDLTGLAVLDLYAGSGALGLEALSRGAASVLFVESDQRSAAVIARNIEALGLSGATLRRGAVAAVVAAGTTSPVDLVLADPPYNVDSADVDAILAALGTNGWTREGTVAVVERATTCAPLTWPEGWRRWPQRVYGDTRLELAERLFANV,0.16811931
2,MTEPLTQSPAAPATDDGPAPPARPRRVRAVLRRVPRRLRSLPPWSPLAAGVLAGGLLGAGYGLLTTPQYTATGYVVAVPADQSDPASALGFAQAYGRVATQLAVLGDAQMWAHVPVATLERSVRTATSPDAPMVSVTATSADPEEAADMANAVARALTRHAADSADDTHVELRQFARATEPTEPSSASTAVTGLVGASAGGLLGGLALLVRPRRAAREPGRAAAPVPGPAPAADVRGQL,0.12815428
3,MGTIPNLVGAGLIVIGASLGIGRIGGSAMDAIARQPEASGKIQTAMLIAAALIEGIGFAAFFMGK,0.1140321
4,MKSLKEQLVEDMKKAMKEKDKMKLSVIRMARAAIKNVEINKRKDLSDDEVVEVLAKEVKQRRESIEEYKKAGKENVVKDLDKEIEILSKYLPEQLTKEEIEKIVDEVISEVNAESMKDMGKVMQIIMPRIRGRADGKVVNNIVRKKLS,0.08653924
5,MNSIRIAVVGLGYVGLPLAVEFAKKYPVVGFDIKQERVGELGQGYDATLEVTSEELKSVLCESNYNGEEGSPGLFVSSDSSDLGAVNYYIVTVPTPTDKNNRPDLSPLLKASETIGRVLKMGDIVIYESTVYPGATEEDCVPVLERFSGLTFNRDFFAGYSPERINPGDKEHTVTKIKKVTSGSTPDIATKVDSLYRSIIVAGTHLASSIRVAEAAKVIENSQRDINIAFVNELSVIFNRMGIDTHEVLAAAGTKWNFLPFKPGLVGGHCIGVDPYYLAQKAQEYGYHPEIILAGRRLNDNMGKYIASQVIKLMIARDHKIKGAKILMLGITFKENCPDIRNTRAVDIVNELKQYGAEVDIHDPWANPEEVMHEYGFECLHELNGNHYEAIILAVAHDAFAALDIRSLSSGINAVIYDVKGVLPIDKVSGRL,0.048362497
6,MLNDYASANGTEVWNTTRLQAYLTNVGSPFDTGPDICHCPSLTAEVLGDEPYTVPDAEVGPAPWYDPAVPESAEFLGFLPLTVAGTDDNPRRRTVSTAVGGGGVFGPSREQPRSIVVTGVLIGATCCGAAYGMQFLSELLSGCTGDTCDGDCFAMYNCCPDDGLTPEQFNAAHRRTFRRTSLVEGPTETGRRSTGDCARSECAAGAELIEVEFVLVAASPWAWTDPIPVLEVTPPIADQTECVDWCLPGSGIPDHDCDPTTCLFQACVTPGDPYADPRNQVPLPPQPTVPAGSFCAPLVPDRVCYSVDLSARPQWATDAPLIEIYAGAYELRNIRVTWYERPAGFVGDCDDLADSNLCNFIQDFTVTYIPPRGTLTLDGSIGRAVVTAGGLGCRTASTAYGNQNGGPVDVTDLTCATYCICIETDSDSPPAADALVRISVLGKGY,0.7266761
7,MHTNTGFPADFLWGGAAAANQFEGAYNVDGKGLSVQDVTPKGGFGHITDGPTPDNLKLEGIDFYHRYKDDVKLFAEMGFKVFRTSIAWSRIFPNGDETEPNEAGLQFYDDLFDELLAHNIEPLITLSHYETPLHLSKTYDGWVNRKMIDFYENYVRTVFNRYKGKVKYWLTFNEINSILHAPFMSGGISTSPDKLSQKDLYQAVHHELVASALATKIGHEIMPEAQIGCMVLAMPTYPLTSNPDDIIAVMEAERKNYFFSDVHVRGTYPGYMKRYFRENNIELDVTEEDLEILKNTVDFISFSYYMSTTETADESKRKAGAGNILGGVQNPYLEASEWGWQIDPQGLRVVLNEFWDRYQKPLFIVENGLGAIDQLEKDENGNYTVNDDYRINYLSAHLSQVKEAIKDGVDLMGYTSWGCIDLVSASTAEMKKRYGFIYVDRNNDGTGTLNRYKKKSFDWYKNVIATNGEDL,0.17626688
8,MENITQELAEIVGKTYVSWQAEERWFYGRDSGLMPAHQPDYVVLPRTVEEIQAIVRFAGREDIPVVPMGAGMSLSGLVIPQKGGIVVDMKRMDRILKVNETARYAVVEGGTSTGALHAHLNRYYPRLRFSIPDSPATTTIAANVMIHGQGRLTQQYGFNSDMVSGLEVVLPSGELCRIGSCALSDDWFSKGPPLPDLSGLFLGWFGATGILTKVGLKLYPRKKMRDVEIFITDSPDFVPGILYEITHTEMAEDINIFAQPLPLIFKDNHHIVVYFTGEDLEELDFKKKKIFHALDGFIRNKDGGFMTIGEGMRKTLLDMPQRSATTFADVTRGGGFEYSGPIIPIDRYPQCSRKLDELAVKYDLKYHATARVIGRGHAMMFAFSFTFNRADVDMMERTRKALHEASEYALSIGGLFWKPTLDEQRIALAKMDPQTAKLMKMIKENLDPQGIMNPGNWEVAE,0.050022136
9,MKLRIFSIMASLILLLTACTSIRTSSEGKQKAHETKTKEHIVIAAVGDSLTEGVGDPDGKGYVGKVADSIRSDKQVKTVDVKNYAVKGNRSDDLLEKLKDKKVQKGIKDADYVFFTIGGNDLMKILRQNFLQLTVEPFQEAEKPYEKRFEKIISEIRELNDHAELIYVSMYNPFTFTLSELNEINGVVTDWNHIAEKELKKDKHAKIVHIEDLFNQKSDSSRISEEDDFHPNGTGYSLIAKRVYQAIKKEGLPKE,0.56489176
10,MTTIEREARIVEQVPKQVCIGGHWRDAQSGATFKVEDPATGSVLCEVADAGVADGMAALEMAAATQPTWAEYPPRERGEILRRAYELLMHRQEDLAVLMTLEMGKPVAESKGEIAYAAEFFRWFSEEAVRIDGSYSVAPNGQSRLLVMRQPVGPSLLITPWNFPMAMGTRKIGPAIAAGCTMILKPAQQTPLSALALADILHEAGLPEGVLSVLPTTDAAGLTGPLLRDGRLRKLSFTGSTPVGRALIKQSADQVLRTSMELGGNAPFLVFDDADLDAAVAGALQAKMRNIGEACTAANRFYVQSGVAEEFSRRLAERMAGLRMGRGTEPDVDVGPLIDDKARTKVQSLVDDAANRGARVLLGGKRGDGAGYFYHPTVLTDVPKDSEVCRTEIFGPVAPVIPFDTEEEALAEANRTEFGLVSYVYTENLRRALRMAEKLESGMVGLNQGIVSNPAAPFGGVKHSGLGREGGRVGIDEYLETKYVGIAGV,0.017126061
11,MTAERTRLVFVEGQREASLLLVNQNPYPVLVQAWVDDGALDGEPDTALAPFLPLPPVFRLEPGRQRSLRLLATGQAQARDRESLYWLNIYEIPPQATAEAAGRPRLTVTLRTQMKVLYRPHGLHPHAEDAAAELGFALRDETLRVDNPTPYFVSLAGLALEIGETRLDLPGTLLAPRSQRRLGLPRRVDGGTRGEVAFDWIDDNGVSRQERKALQ,0.15549365
12,MMQAQALRERFALALDRDDAVEAQRLALSLREWFSIAKVGLELYAAAGPTVLSALADQGFRIFADLKLHDIPTTVHRASRVLGSFGVALVTLHVAGGEAMLRAGVEGLLEGAERVGAPTPIALGVLSLTSQAPLDLSELERRMDVAVRSGCQGVVVGADHLRTVAERWPELVRVVPGIREPSGAQHDQRQVVTPRAALEAGADVLVVGRAVTEASDPVEVAARLFAAATGEAS,0.059053294
13,MAINDNINKILKDRDLKAWKLAKEIGVDSGNLYAILRGENKNPTIDTLIKIADYLDVTLDELVGR,0.7142583
