sequence,label
AEHSLQVAY,0
AMFWSVPTV,0
APARLERRHSAL,0
ARIGAIYSL,0
AYLEAIHKF,0
AYLSLLTQT,0
CLNEYHLFL,0
DANSFLQSV,0
EPRSGFHGVL,1
ETECEYFNRY,0
EVLPFFLFF,0
FFYLLDFTF,0
FLIYLDVSV,0
FLYNLLTRV,0
GLDDIKNLKV,0
GLFGDIYLA,0
GRIAFFLKY,0
HLYASLSRA,0
HMTEVVRHC,0
IILVAVPHV,0
ILDTAGKEEY,0
IMQTLAGELY,0
KINKNPKYK,1
KLILWRGLK,0
KLKLPIIMK,0
KLMNIQQKL,1
KMIGNHLWV,0
KTLTSVFQK,1
MLGEQLFPL,1
QLSCISTYV,0
QTDVGGSGLSRLDISVIFEALATGCTS,0
QTNPVTLQY,1
RVADKASKK,1
RVCGPCSTY,1
RVSTLRVSL,0
SIEDHCSIAQQRNLAQYFKKVLGDTLL,0
SPGPVKLEL,1
STPMFSMSSPISRRF,0
TEDEHFEFY,0
TENGLTLEGW,1
TLPEEFHEF,0
TLWCSPIKV,0
TLWCSPIKV,0
TLYSLTLLY,0
VLLSWKVLDFSGPVPQGTGQPCSCGHW,0
VVPCEPPEV,1
YFLEFDQQY,0
GWVKPIIIGH,0
HPGSLPLHL,1
ITDMVEGAKK,0
KQNDISAEF,1
LLHGFSFYL,0
LVPPSKRKMWV,0
NNTPGTYLLSV,1
RLRMREHMMK,1
RLSDFSEQL,1
SAWLFRMWYI,0
YLLAPLREAL,0
YMQTASTSYY,0
YTERQRWDF,0
GVRGRVEEI,0
MLMAQEALAFL,0
EVISCKLIKR,0
APPAYEKLPSAEQF,0
APKSSSGFSL,1
TAISPIAVLPR,0
AAASATLAL,0
AAVSNMVQKI,0
ACAQCAKAFPKAYL,0
ACDPHSGHFV,0
ADKIQLINNMLDKVKEMIIGGGMAFTFLKV,0
AEAMEILLSL,0
AEFEVPKLVL,0
AEIFYQIVDL,0
AEPINIQTW,0
AESWISKM,0
AETYARYRYL,0
AEYQDMHSY,0
AFGSAHLFR,0
AFTNSSLNPVIYVFVCRLFRTKVWELYKQCTKK,0
AGQHIAKSLF,0
AHLFGRRYFPPKFQEAHFEFYQSKVFLDDL,0
AHTRTEATFFPPLLGI,0
AINRPTVLK,0
AKIILALKVSRKNLLYVCKLIFKISRNEKND,0
ALDHMFMYFL,0
ALDPHSGHFV,0
ALGALTVWL,0
ALHLSVIPTDLLAQQAGQLARRLWEASR,0
ALIHHNTYL,0
ALLETPSLLL,0
ALPPTVYEV,0
ALSPVIPHI,0
ALYFNSQWK,0
ALYGFVPVL,0
ANHDETSFLLPRKES,0
ANLRKLNFRLFVIRG,0
APARLERRHSA,0
APLQNSLKEL,0
AQDIYRASY,0
AQDIYRASYY,0
AQKPSPLELIHAQANRMAEDPAALKP,0
AQMCISGF,0
AQQITKTEV,0
ARGGLVDEKALAR,0
ARGGLVDEKALARAL,0
ARGGLVDEKALARALKE,0
ARGGLVDEKALARALKEGR,0
ARGGLVDEKALARALKEGRIR,0
ARGGLVDEKALARALKEGRIRGA,0
ARHDSDTSPPRRIRHYSSDTSPPRRARH,0
ARMEFFLLL,0
ARPVEWLGRCILDA,0
ARQKALVRERERQLA,0
ASKDRTIRV,0
ASNASSAAK,0
ASRYGIRGFSTIKIF,0
ASYTPQAL,0
ATDTNNLNVNY,0
ATRYNYTSEK,0
ATSPASASK,1
ATYKGVPYEVK,0
AVAFFPGNLSTSSSA,0
AVGSYVYSV,0
AVQSPRRSPRISFLLEKENEPPGRE,0
AVSDLSVRRHR,0
AWIENPEEAI,0
AWQLPQYALF,0
AYHSIEWAI,0
CAKAFPKAY,0
CAQCAKAFPK,0
CEFHACWPAFTVLGE,0
CFLFAAYLARYPHGGSRGWD,0
CGICRIGPKKDFFHCLK,0
CGKGFRRSSDLVKHHSVHTGEKPY,0
CGVGKSALT,0
CHALRFLHKNQLTHT,0
CILGKLFTK,0
CILGKLFTKK,0
CKMEKDIMSVLSYLNKQDQEKDNM,0
CLFAGIQRK,0
CLQKHLEVR,0
CMGGMNLR,0
CRVGYFRAL,0
CSANTTSCHTLGWGKTADG,0
CSTSISNFK,0
CSVSPSVSR,1
CTISLWDTY,0
CVRVSGQGL,0
CWISFDTHLLY,0
CYMEAVAL,0
CYMEAVALV,0
DDSGLPVVTSGCLGVEGSDFQCRKKK,0
DEKALARALKEGRIRGAAL,0
DFFQYFRATYPLLKAD,0
DFSQEFSPIQEAQQD,0
DGAWPVLLDKFVEWYK,0
DGHNDYGYQQPLYPEQGYDRPY,0
DGVSEEFWLVDLLPS,0
DHREIEGRVMF,0
DKQMLLFTHIRLAHGCSNHRKRLQAVQARLH,0
DLFMMPRIVDVTSLA,0
DMKARQKALV,0
DNTIFRRICTIAKHLE,0
DPPALASTNAEVT,0
DPYGNRPLCM,1
DRASFLLTDYALSPD,0
DRGQELVDGLKVCLQVALRAWNSCNEYMPSR,0
DRSVLAKKLKFVTLV,0
DTIDVSKLNR,1
DVFPQGLPNEYAFVT,0
DVKSDTGF,1
DVRKKLQRSSM,1
EAFIQPITR,0
EATFFPPLLGIPPLFA,0
EDLTVKIGDFGLATEKSRWSGSHQFEQLS,0
EEDRNVGKLF,1
EEFWLVDLLPSTHYT,0
EEKLIVVLF,0
EEMRLFLY,0
EENENSANL,1
EFISENCGEII,0
EGAVFLSFKLVQGDVFQEEAVTEALRA,0
EGKDWKEDKHCLRRLIFLKAQEKH,0
EHEGSGPEL,1
EHNAYHSIEWA,0
EIDLPRELEY,1
EIIPQCIAR,0
EKTSSGLYVFR,1
ELAKKCGITVSQVSKWFGNKRIRYKKNIG,0
ELLVRINRL,0
ELMRDINSM,0
EMDFVRLAQLFARAR,0
EMLFSHGLVK,0
EMRKEREEASSAQKVSIIQLFTNSSYR,0
ENQKAYYSSIVANRWL,0
EPAETPSETPGPRPKK,1
EPKHKHWCSI,0
EPRRKPELVLRAEGRLWLRVEPLS,0
EQEERREQLLKREEERRQQRL,0
ERELELRDTL,1
ERFWRNILLLSLHKG,0
ESGGAVAFFPGNLST,1
ESKEPKEEKQWRRCKPKKPTRRDAS,0
ESNPSDYPR,1
ESPLVGLETGGNAEKV,0
ETSFLLPRKESNIVD,0
ETVSEQSNV,1
EYFMKQMNDAR,1
EYYSKNLNSF,1
FAFQEYDSF,0
FEAEFTQVAKKEPDG,0
FEVRVCACPGRDWRTEEENLRKKGE,0
FGDVGSTLF,0
FGHMLYFLNCHLP,0
FHGLKSTDVAKTFRKVINKKEGICAIGGTSE,0
FIASNGVKLV,0
FLDEFMEGV,0
FLDPDLTNI,0
FLEGNEVGKTY,0
FLGNVEFFL,0
FLGSLLILV,0
FLLDEAIGL,0
FLLTDYALSPDGSIR,0
FLNCDIMLGV,0
FLSAKHRRQVYLQI,0
FLSDHLYLV,0
FLYWHLEDLNV,0
FMPDFDLHL,0
FPKKIQMLA,0
FPQGLPNEY,1
FPQGLPNEYAFVT,0
FPRAKMYFM,0
FPVHSEMLL,0
FQNGESATL,0
FRNEGIHL,0
FRRFPCLSL,0
FRSGLDSYV,0
FSSLNSGQI,0
FTDFENVP,0
FTLMYEERAV,0
FTNESYLELY,0
FVADWAGTFKMVFTP,0
FVISAVLY,0
FVNDIFVRI,0
FVVPYMIYLL,0
FYGKTILWF,0
FYMHEYPEGW,0
GAAGVGKSAL,0
GADGVGKSA,0
GADGVGKSAL,0
GAISASSTQKTPTTRL,0
GCSASEKVQEKEEGRIESGG,0
GDEDASHMEEVKKKK,0
GDVHSMVYPPSATKMASTLPSLSEISNP,0
GEEDGAGGHSL,0
GELIGILNAAKVPAD,0
GFAFVTFESPADAKAATRDMNGKSLD,0
GGLVDEKALARALKEGRIRGAAL,0
GGSRGQEIETSLANMETSLRSGQIPTK,0
GHEKETMKFLNDHLANYLEKVRQLE,0
GIICLDYKL,0
GIQYFNNNTQHSSLLTLNEVKRAQRQDTGE,0
GKFGDLTNNFSSPHAR,0
GKFQVATDALKSREPRAKPQLDLS,0
GLFGDIYLAI,0
GLGPGFSSY,0
GLLDEDFYA,0
GLVITTHHPAPSAAPYGLALSPVTRPPQPR,0
GLYGNLIVL,0
GLYVFRNER,0
GMHMGQLLK,0
GNISILQENDFGVFGMDDREIMREG,0
GPSWSYVL,0
GQFLTPNSH,0
GRTEPGKGPQQEVRRRDQFPLT,0
GSAACFSHSVADSHEVAFCQAKLPFLPPT,0
GSAEYMASEVVEVFT,0
GSQDSGAPGEAMETLGRAQRCDDSPAP,0
GTAKSVTCTYSPALNMMFCQLAKTCPVQLWVKKK,0
GTALVVPVFEIRRAR,0
GTRHKVLLRRLLAFFFDRNTLANSCGT,0
GTSAEGAHLRALMQSACLLSDMESFKA,0
GVYPMPGTQK,1
GWAGGGPRPQRKEVATYFSKV,0
GWAGGGPRPTRKEVATYFSKV,0
GWVKPIIIGHHAYGDQYRAT,0
GYNSYSVSNSEKHIM,0
HAINDMTSI,0
HALRRHYHL,0
HDFFESLHRRQAFHI,0
HDLGRLHSC,0
HESQVYTLDVPDAFYYSYSPDPGNAKGKK,0
HHEVPKHVHIFLVNLYVLVPPVLNP,0
HHKFHSQRHRSKK,0
HHMWISIPF,0
HHVKEQYFKSAAMTLSERFTSYQKATEE,0
HIAKSLFEV,0
HIVEQKNGKERVHILWHFLQKEAEL,0
HLFDIQGLPK,0
HLFPTMPRHI,0
HMANQWALGK,0
HNAYHSIEWAI,0
HNVAMMLAQLVSGGS,0
HPRAVTGFLWRKTSKY,0
HQKRPIPI,1
HQKRPIPIKY,1
HQNPVTGLLL,0
HRINYEESMMARLSVSKREKGRRKRA,0
HSCVMASLR,0
HSIHPYTVF,0
HSVSSAFKK,0
HTVTQFSSV,0
HVKITDFGR,0
HVKITDFGRAK,0
HVKITDFGRAKLLGAEE,0
HWTNCILHEYKNLSTS,0
HYNYMCNSSCMGSMN,0
IAFGSAHLFR,0
IASPIKEL,0
IEIERQKEMLRNNESRILHLQRVIDSQAEKL,0
IEITAKNGRIYTLTRVLIPPSIVPILPHRC,0
IGSPIAAVIAR,0
IHITLLLSTQLYY,0
IHLFEAEFTQVAKKE,0
IIHQKPKLKDWHPPGCFILGLWALI,0
ILAALFLGL,0
ILAKISRPKKRAKTIMFSKNAVISKRGGKLC,0
ILCETCLIV,0
ILDKVLVHL,0
ILDTAGHEEY,0
ILDTAGREEY,0
ILFRTPSVAK,0
ILMHGLVSL,0
ILNAMIAKI,0
ILTGLNYEV,0
IMNSFVNDIFERIAGQASRLAHYNKRSTIT,0
INKYGVSLIY,0
IPIDGIFFTY,0
IPLSDNTIF,0
IPLSDNTIFRRICTI,0
IPRLVSGWVKPIIIGSHAYGDQYRATD,0
IPYFQTINI,0
ISANAVEQIV,0
ISDSLLWKY,0
ISFDTHLLY,0
ISLPGVSSTK,1
ITDFGRAKL,0
ITLIGLPWSFLGWLGK,0
IYHSQSPHYF,0
IYKAPCENW,0
KAGGLAEGAGALAPPPLPPQIKVEPI,0
KALARALKEGRIRGAAL,0
KARLPVGAY,0
KASGDPYWAYSCAYGPEHWVTS,0
KASPVTFPAAAFPTAS,0
KAWENFPNV,1
KCENMTITSRGTTVT,0
KDFNLLRLLGANAF,0
KELEGILLL,0
KELLKHPFTL,1
KEVFKECIGY,1
KEVTHQGLSPLTLLIPVSSHH,0
KEWMRLCTSL,0
KFCPRPFENPLSHLR,1
KFPELFNWFKIF,0
KFSKPALQSQSISLV,0
KGGPAVAQSW,1
KHGKLKFGTFGGLGSKTKGHYEVTGS,0
KIFSEVTLK,0
KILDAVVAQK,0
KITDFGRAK,0
KITDFGRAKLL,0
KKADAELSWITETEKKLVSLGDIRLEQDQTS,0
KKFFGYDEVQGLPLPLLQEAQAASPLRV,0
KKKKKKKDSPILGDYRAFLDEMRQCFGWDDDED,0
KKKMYLTDLAFIEEGTPNCTEDGLVNFSKMRMIS,0
KKLFVRIGAMLAYTPLDQKSLALLLGYLHDFLK,0
KKNWSANFDVPMETTHSAPLDSVG,0
KKTEGPECDVTYDITATVPYNLRVRAT,0
KKTTAVYVFFLSSLLQPLGGSQEHGL,0
KKWFLFQDSKKIQVE,0
KLFEFLVYGV,0
KLKFVTLVF,0
KLLSFHSV,0
KLLVSRHLPVFTYTDNRALLEDQLFIPD,0
KLMLKLTAL,0
KLNFRLFVIRGQPAD,0
KLNLFQVRF,0
KLRDEISLAK,1
KLSHQLVLL,0
KLVVVGADGV,0
KLVVVGAVGV,0
KLWEIVSLGGTPYCGITCAELYEKLPQGYRL,0
KLYEEPLLK,1
KLYGLDWAEL,1
KPAIFVASL,0
KPALQSQSISLVQQS,0
KPDYWSGVMGGSSGASHGPSAMEYNKEDR,0
KPFCVLISL,0
KPHRYRPGTVTL,1
KPKKENLWRM,1
KPSDTPRPVM,1
KPYTRIHIL,0
KQDGYDSV,1
KRIHQFGIVHL,0
KRLWGEKAGRLPESEPLFTYTLDEK,0
KRSCKGALYK,1
KRYCFGEGL,1
KSAKSDAPK,1
KSFIFMSEDALTKPQKLMVLIHGSG,0
KSFKEIKLW,1
KSGCIVNNLAEFTVDSKDAGKAPLK,0
KSLDGKTIKVEQATKP,0
KSLLRAAFFGKCFLDR,0
KSRREFDKIELAYRR,0
KSVTCTYSPALNKMLCQLAKTCPVQLWVDS,0
KTDTGVHATL,1
KTFNWSSALNK,1
KTGEQRVVTL,1
KTLTSVFQKK,1
KTRPRSPEK,1
KTYQVSYGFR,0
KVCGTAFTW,0
KVDPIGHVY,0
KVDPIGHVYIF,0
KVFNAPAL,0
KVLKVAMKK,0
KVQEKEEGRIESVVFVVALGF,0
KWGLALAAVF,0
KWTDLFDNKVSTFAYKHALVNKMYGR,0
KYEKSAVLASNSQFLVK,0
KYIKTWRPRYF,0
KYMDSYDIVLVQGESLEVANSILQKILKK,0
LAAFGHMLY,0
LADFRLARLYSSEESR,0
LADGGYDVEKNNSRI,0
LAKKLKFVTLVFRHGD,0
LANKPIAPNF,0
LARALKEGRIRGAAL,0
LATGGEAAFELEMLDLSHNQLLFFP,0
LESLAVLLL,0
LCTDVALPLIVHNIQ,0
LDGEYFTLEIRGRERFE,0
LEVSNSPLSEEAILGFEYGMSIESP,0
LFRQFTFVNSKTVT,0
LHHFNARGRM,0
LHILASFLRKNQRALGLATLAALDALAQSQG,0
LHMSPFAAGVTLLRDGRPKAIVEDDEK,0
LIIPFIHLI,0
LIPKEDGVITASKDRTIRVWLKRDS,0
LIRKAEKA,0
LITDVALHEVVDLFRTYDASLAMLMRKGQDS,0
LKALHSRGDGGPKAFKGLGSSPDLELLLRS,0
LKKRKPRVKKENRVPRLKEEHGIEL,0
LLDIVAPK,0
LLFGMPPCL,0
LLFQNTDLGSFHDLLR,0
LLGRNSFELRVCACPGR,0
LLGVKLFGV,0
LLKHPFTLM,0
LLLDDLLVSI,0
LLLMSTLGI,0
LLQCTQQAV,0
LLRPYFLDLRLYDTERDNAKGLKAFYDAIKY,0
LLTSGDPPTSASQSAGITVKK,0
LLYQELLPL,0
LMKVDPIGHVY,0
LPGKIHLFEAEFTQV,0
LPHPRRREAPGSLPLSPRGHCPP,0
LPHTARIPG,0
LPKLQMPSFKMPKVDHKGPQIDI,0
LPNEYAFVT,0
LPNEYAFVTT,0
LPRQYWEAL,0
LQQLKALLNHLDVRVGRGNVTQHVQGH,0
LQQPLGLTWL,0
LQTIKDIASPI,0
LRAAFFGKCF,0
LRGLPGFVAAFVNIHL,0
LRLHSFPTML,0
LRLHSFPTMLK,0
LRQSLALFPRLECSGTISAHCNLHL,0
LRRDATIVY,0
LRTKVYAEL,0
LRTSLSLLRVSWIQGGGEDPCV,0
LSALLSRQVPPDPVQAEEKLLPQPVIQH,0
LSDGPSMGRY,1
LSEEAILGFEY,0
LSLVFVDKPKKAKLL,0
LSPSEVKQLLLDILHPQQNGRCWLNRRQID,0
LSRLSNRLL,0
LSSVSFFLV,0
LSVWNRQVL,0
LTDDRLFTCY,0
LTSTVQLIM,0
LTSTVQLIMQLMPFGCL,0
LVDEKALARALKEGRIRGAAL,0
LVLMCGPPPI,0
LVQKVASKIPFPDRI,0
LVRVGDHWEDALPDQAYAAAGPGPG,0
LVVVGAVGV,0
LWWVNNQSLPVSP,0
LYNGMEHLI,0
LYPEFIASI,0
MAKAKAVAL,0
MAKVSEPYDVTWEEMRDKM,0
MASVDNPLMCRLLGICL,0
MEKDIMSVLSYLKKQGQEKDNMIEKLKQQLN,0
MERDKQSKW,1
MGKSTHTSM,1
MIFEKHGFRRTTPP,0
MKRVFGFPVHYTDVS,0
MKSFQKTPHY,1
MLAVISCAV,0
MLCSDSSLQL,1
MLFSHGLVK,0
MLICCCCTL,0
MLIGIPVYV,0
MLLAVLYCL,0
MPIEPGDIGC,1
MPYGYVLNEF,0
MQKMTDQVNYKAMKLTLLQKKIDNIS,0
MQLMPFGCL,0
MQLMPFGCLL,0
MQLMPFGSLL,0
MRCLTKPMLLRALAQAARAGP,0
MSILSGCDY,0
MSLPARLRPTVPARPLATHPRSASLSHPG,0
MSLPLTARWK,0
MTEYKLVVVGAGGVGKSALTIQLI,0
MTEYKLVVVGAVGVGKSALTIQLIQ,0
MTITSRGTTVTPTKE,0
MVAAEHRHSSGLPYWLYLTAETLKNRMGRQP,0
MVKTLRLHSFPTMLKECSP,0
MVMGVLKQAFDVLVL,0
MVNTVAGAMK,0
NAYHSIEWAI,0
NDRYVLGISDTLIRL,0
NENLDLQEL,1
NERGVSSCDRLTDPH,0
NFMNDGFFLKVTALTKKPDVYI,0
NGKERVHIL,0
NHHYLLFQNTDLGSF,0
NHVVDISKSGLITIA,0
NIFAILESV,0
NIFKALFCSFRAQHV,0
NIIFLHEDLTV,0
NILELASGAVLR,0
NILERNKARDLALVIRDSERQGKAQVL,0
NKKQLDPTRLRLICHYVEAVYPVEKMEEV,0
NLACADITF,0
NLLGRNSFK,1
NLNCCSVPV,0
NMFEISDRFIGIYKT,0
NNSKKKWFLFQDSKK,0
NPEVHVRAEPVQGLSLQLQGSLLQSDTYQILQPTSYLCWPELSYKD,0
NQWGGTALVVPVFEI,0
NRISNCSQRAGASPGSLPERKGPE,0
NTFRHSVVVPCEPPE,0
NVQMLFSNPLYEPV,0
PAARRSLLHRLPPTAHGVGPLLLQLGTEPPA,0
PASAKSRREFDKIEL,0
PAYSSPRRERLRWPPRPKPRLKSGGG,0
PENDDLFMMPRIVDV,0
PGGDSGELITDAHEL,1
PKKIQMLARDFLDEY,0
PLRVSVGDFSQEFSP,0
PPSSASQSAGITGVSHRT,0
PQRPSDWSKKTNEPLGKLTSLFKLIV,0
PRLLFAPEYGPKLKL,0
PRLSRELLHEKGPEVLQDSL,0
PSDTRQMLFY,1
PSQFARVPGYVGSPLA,0
PYYFAAELPPRNLPEP,0
QDFRRNILSVCKEAVDL,0
QEECLWMAV,0
QEFENIKSY,1
QEVGAAVGEL,1
QFEMQSRKTTQSEQMSGEGKAGPPG,0
QGVVREWFDILSIEIVNPDYALFTQ,0
QHMTEVVRHCPHHER,0
QKTYQVSYGFR,1
QLCDVMFYL,0
QLLKGVQKK,1
QNMYRGYRPRFRRGPLRQRQPREDG,0
QPVLIAVVL,0
QQFAVGSYV,0
QQITKTEV,1
QREKSQQVL,1
QSAMFNDYNFVFTSLAKKQQQQQS,0
QSPSLYGNSSPPLNK,1
QSTEDVFPQGLPNEY,1
QTYQHMWNY,0
QVNRYNISLLK,1
RAADAACNGLPGSGSRRAPGKG,0
RAFKERQSSK,1
RALGLPPPVCVFPKTEAEWTASFFN,0
RALKEGRIRGAAL,0
RALREMRDLLMNLGQEVTRACEDKRR,0
RDGNIEITVGSNMKNQIEQLGKK,0
RDTQAVRLYK,1
REDDSLHAY,0
REFDKIELAY,0
REFDKIELAYRR,0
REGVFDGAASVQELML,0
REIEGRVMF,0
REPFVLMQL,1
REQCGLELSIDRLRLRKKTWKNPGT,0
RFKDIFQEM,0
RFLEYLPLRF,0
RFNLIANQHLLAPGF,0
RGPPPRSVGPPPKRSAA,1
RGRAMAIYK,0
RGRELRFNLIANQHLL,0
RGRMQTASL,1
RHDLPPYRVYL,1
RIHTGEKPYKYKECGKAFNQTSHLIR,0
RILKVTEFK,0
RILLVAASY,0
RIVWRLKRQPCAGPD,0
RKILSKLSLPTRAWEQAMKKSFAFDNVGYE,0
RKQLEEQRQSKRLQRQLQQEHAYLK,0
RKRKFINRGLAHDSEEL,0
RKTTQSEQM,1
RKTVRARSRTPSCRSRSHTPSRRRR,0
RKWEFSVPFHQALNGVHPAPLCTIRTLKAEI,0
RLAAFGHMLY,0
RLFGEAGPASGVGSSSGGGSGSGTGGGDAALK,0
RLFPGLTIKI,1
RLFPYALHK,0
RLLQCTQQAV,1
RLSQVSDTV,1
RMEHFYLSF,0
RMQYSMECF,0
RMQYSMECFQFMKKL,0
RMSAPSTGGV,1
RNASRENLNPPEPQPATGQ,1
RNDDKGDHTCRLISVVSHLGKTLKS,0
RNMVFAAKAMKS,0
RNTFRHSVVVPCE,0
RPALLWALLALWLCWAAPAHALQCRDGKKKKK,0
RPHHDQRSL,1
RPHVPESAF,1
RPIPIKYKA,1
RPIPIKYKAM,1
RPQGQRPAL,1
RPQLLKVKRKKPR,1
RQCEEVARVL,1
RQGIVPGNRLKILLVVPTRVGQGYVYE,0
RQLEVPWPYI,1
RQLLTQPHK,1
RRSMLFARH,0
RRTAALQEGLRREVSVPLTLAETVA,0
RSRLGPPDVY,1
RSSSRKYTEFPHGAISEDQAVGPA,0
RSSWGAWLS,0
RTDVKAYNVT,0
RTKVVQTLW,0
RTQAPPTPDKMQMTWTREKLIAEKYRS,0
RTREFTAKK,1
RVAGSMSSL,1
RVHPYQMIV,0
RVKEGYSPPDDVDIVIKK,0
RVRAMTIYKQ,0
RVWDIVPTL,0
RVYDALNLL,0
RWNKGTILKASVDYICKLQKEQQRSKDLES,0
RYYVGHKAKF,0
SAPFLASAVSAQPLLPDQCPALCECSE,0
SARQRQRL,1
SASPLSVV,1
SAYQNTVHA,0
SCMGGMNWRPILTII,0
SCSRAVPQV,1
SDKKNNKCL,1
SDQKKKEEEEAAAAAAMATEGKKK,0
SEDPWFPKL,1
SEHEGSGPEL,1
SEIISFKSL,0
SEKLRHMLL,0
SELFRSGLDS,1
SELFRSGLDSY,1
SEPMFHSESL,1
SEPQCHPSF,1
SEPSETGVSLLRLAPPKTRRGSSLH,0
SEYEDGRGF,1
SFLLNTLQENVNKYQKVKTDTSQESKA,0
SFSYTLLSL,0
SGELITDAHELGVAH,0
SGGSNWPLRGCKGTYWEGGVRGL,0
SGIPENSFNVSSLVE,0
SGSPPLRVSVGDFSQ,1
SHETVIIEL,0
SHLASLKNNVSPVLR,0
SHMWSQMLVSTSGFFKSISNVSGKDIQPLI,0
SHTQTTLFHTFYELL,0
SKEYPVIFKSIMRQRL,0
SLAALKKALADGGYD,0
SLADEAEVYL,0
SLDEAALPEL,1
SLFEGIDIYT,0
SLKDISSCSV,1
SLKEPTSIAKSSRHPSYRS,0
SLKNNVSPVLRSHSF,0
SLPMKNFPV,1
SLRNNMFEISDRFIG,0
SLVQRRFSEGVLQSPGQDQEKLGGSLAALPQ,0
SMRLPLVLDK,1
SPGAHQKRPI,1
SPGEYINIDFGEPGAHLSPPAPPLLASAASS,0
SPGSLRRGLRSTSYCRAVVSGFDFDSPT,0
SPMIVGSPW,1
SPVTEIRTDL,1
SQFETLYNEHK,1
SQRTSWEFLQSLVSI,0
SRAKRRRTL,1
SRGTTVTPTKETVSLG,1
SRLQTRKNKKLALSS,1
SRPMSYDEKWQLSLDINKLPGEKLGR,0
SSALLSIFQSSPE,0
SSCMGGMNWR,1
SSGMASVIVSNTGPQSSPVKTKK,0
SSHYKFSKPALQSQS,1
SSQHASRGGQSDDYEDEGVPASYHTVS,0
SSQPQVPFYPNLQKSQ,1
SSYTGFANK,1
STLPPSRSL,1
STPLPGTRVR,1
STPSASPLSV,1
STVQLIMQL,0
STWKRAVM,0
SVGACGFSY,0
SVGDFSQEFSPIQEA,1
SVKSCKHTEK,1
SVLENFTIFL,0
SVQIISCQY,0
SWEFLQSLVSIKQEK,0
SWISDIRAGTAPLCRNHIKSSCSLI,0
SYFRGSYSY,0
SYLDSGIHF,0
SYMIMEIEL,0
TAWQSEDSY,0
TEERTDGERVAAVAPEERENVAVAKKKK,0
TEFFPFYAL,0
TESPFEQHI,1
TETVNHHYLLFQNTD,0
TEYKLVVVGAVGVGKSALTIQLIQNH,0
TFPAAAFPTASPANKD,0
TFPKKIQMLARDFLD,0
TGFLWRKTSKYMPRGS,0
TGRQVPEEQAAQLLLGKWIQEGGDMI,0
TIAVVNFLSR,0
TIDPASEFMFK,1
TILCFSGVALFCGFGHVALAGTVAILE,0
TKIPAVKLNKLLENF,0
TKRQVILLHTELERF,0
TLLVTGPSR,1
TLNNCTEAF,0
TLSPEEHRARLRKREAQLQSRK,0
TNILPVNQPVRLGAS,0
TPIEGTNMSF,0
TPLPGTRVRA,1
TPQSTKVPSLFEFHSPSWCLTPADR,0
TPTVPSSSF,1
TQIITGSDEF,0
TRKNKKLALSSTPSN,0
TRSSGSHFVF,1
TTAATHREK,0
TTLFHTFYELLIQKN,0
TVLSPTKKK,1
TVPHFWEAGLAQPPSCTSGGPHPPRI,0
TVYNFSAL,0
TVYNFSALV,0
TWQLNGEEL,0
TYDTVHRHL,0
TYLPSAWNF,0
TYLPSAWNFF,0
TYYRPGVNLSLSC,0
VARVPLGRSLTLSPR,0
VCFPVHSEM,0
VDHGKTTLLDKFRKTEVAAVETGGITQHIGA,0
VDNPLMCRL,0
VEHINISQDW,0
VELRRNVLVSPTPLAN,0
VERASAIAW,0
VESEDIAEL,0
VEWLGRCIL,0
VGADGVGKS,0
VGLAVNSAVLYVLL,0
VIAFGSAHLFR,0
VIFKSIMRQRLISPQL,0
VKITDFGRAK,0
VLENFTIFLV,0
VLFEDAVAY,0
VLFSADDHV,0
VLGVGVAGLLVNVLGHCLFHHHSGFSQDSG,0
VLLGVKLFGV,0
VLLNGLSLEADITANLDSPRVTVAQLKK,0
VLRHHLFAA,0
VLVKVAEARKNRPAGTIPSPYKDGS,0
VMKHLLSPL,0
VPALSHNM,0
VPSIHRPLEK,0
VPSQKTYQVSYGFRLGF,0
VQIISCQY,0
VQPSQVEYTADSTVAGMYYSYYMLPDGTYCLKK,0
VRDFSQVHPLAVLL,0
VRINTARPV,0
VRQNESNCRFRDIIVRKEEGFTHILLSSQT,0
VRTLLSQVNK,0
VSELMKVSAMSSPKV,0
VSFGGNLLM,0
VSPNAVIADPGLIRVENKFSLVPMEH,0
VSRVLIRELKRLDNIKQSPFLSHITSSIQGL,0
VSVQIISCQY,0
VTAGPTSLDLY,0
VTDTSSASTGHATPLPVTGLSS,0
VTEKLQPTY,0
VTLNDMKARQKALVR,0
VTREEMSSLM,0
VVGAAGVGK,0
VVGACGVGK,0
VVGADGVGK,0
VVGAVGVGK,0
VVMSWAPPV,0
VVPVFEIRRARRMPMN,0
VVRHCPHHERCSDSD,0
VVVGAVGVG,0
VYCEEYYLF,0
VYQYTFPDF,0
VYQYTFPDFL,0
WLIRETQPITK,0
WRNILLLSLH,0
WRTRGAISASSTQKT,0
WSYDSTLLAY,0
YFDSNMREFLLL,0
YGTGHILLY,0
YHSIEWAI,0
YIADETGRVMHYITSKESYRRQFEAIQ,0
YKIFQPGIGSHYVAQAGLELLDSSNLPALAF,0
YKLVVVGAGRVGKSALTIQ,0
YKLVVVGAGVVGKSALTIQ,0
YKQSQHMTEVVRHCPHHERCSDSDG,0
YKVQLQAGLELVVNSQKMAVPYRPNEHLRV,0
YLDGKVVDY,0
YLDSGIHSGATTTAPPLSGKG,0
YLDVFCPHYEDSVPEAKTERYVLYMVNFDGY,0
YLHFLELHT,0
YLLTDCNPA,0
YLNEAVFNFV,0
YLQPGPPWRL,1
YLSGFYAVV,0
YLSHLPLTCK,0
YLSNIIPAL,0
YLYDRLLRV,0
YLYHRVDVI,0
YMASEVVEVFTDQAT,0
YMCNSSCMGGMNQRPILTIITLEDS,0
YMDGTMSQV,1
YMKSLEFENK,1
YMMMWDCWHA,0
YMMMWDCWHAV,0
YPPPPPALL,1
YPVIFKSIM,0
YQVSYGFRL,0
YQYTFPDF,0
YQYTFPDFLY,0
YQYTQQNFRLKELQEMQVSQGQGS,0
YSKNLNSFF,0
YSLPNAPTV,1
YSMECFQFM,0
YSTLSIPPEMLALYKSYSSTFHSLE,0
YTDFHCQYV,0
YTDFHCQYVK,0
YTFSISQNPFPV,0
YVDFREYEYY,0
YVIFDEGHY,0
YYPPSQIAQL,1
YYSKNLNSF,0
YYSKNLNSFF,0
YYSSIVANRWLAVRLE,0
AGAFLSSPGLLAVFG,0
AIDAALTFV,0
ALFLVFGRTRK,0
ALPLSEPMRRSVSEE,0
ALSYLVSFQR,0
ARLQFSCYSSL,0
ASMPSSPPL,1
ATLVAAFTL,0
ATTLKAFFK,0
AYQSIKVRI,0
CIKTCDNWNK,0
CVFQSNFQEF,0
DADILSETFQLLK,0
DDIYPIDFY,0
DHYAYSYYL,0
DILSETFQLLK,0
DSADGSTVATA,1
DSFAGKGHTK,0
DYALSPDGSIRKATG,0
DYMIHIIEKW,0
EEMEPLPVM,1
EGFVLSGESCLPLA,0
EMSALLARRRRIVEK,0
EVADEAMGAL,0
EVFPEDTVTY,1
EVVRHCPHHER,0
FAIADTAYV,0
FFFFKTTAL,0
FGLLGNILLVI,0
FICAIIVVV,0
FIYKSDFVK,0
FLAPLFLVLL,0
FLGAGLFLYF,0
FLLRFLYTQL,0
FLQEVNVCGV,0
FLTAHSLPL,0
FMFVNSLLL,0
FPLTASKVL,0
FQSNFQEFY,0
FQYHSLNVI,0
FRQKTNLIL,0
FRSIYLNTLL,0
FSADIFFFF,0
FVLSGESCLPL,0
FWYYAKVDL,0
FYNDIILMV,0
GAQSWLWFV,0
GEKFRASSLKFPGL,0
GFPAERLEGVYSNNI,0
GLNFVSVKGPELLNM,0
GRKLFGTHF,0
GRQSWSLYV,0
GSDIMSFVI,0
GTYVRVTVQAR,0
HELMTLHGF,0
HELMTLHGFM,0
HIIRLMLEY,0
HLHCYRSSF,0
HLMWLERLY,0
HPFMTDEEY,0
HSKNCCLYVF,0
HTLLLWEHNR,0
HTQGLSPDCY,1
HYNYMCNSSSCMGSMN,0
IEILRNLYHEIIV,0
IETIINNFHQY,0
IHLFEAEFTQVAKKEPDG,0
ILGISNEFV,0
ILSETFQLLK,0
ILWIFSIYL,0
IMRTYTYEI,0
IMSSSLFNL,0
IPDSIALIQQL,0
IQMFTIVLVSY,0
IRLYQFRLIV,0
IRLYQFRLIVI,0
IRMKHCVMV,0
ISGHRSVFWY,0
ITCQSLRSPMY,0
ITVARCMKMAY,0
KENSLIIQF,1
KFLESCDEVI,0
KIYRRQVFK,0
KLADYLKVL,0
KLQFHCMPV,0
KQWLVWLFL,0
KRIPLPPHLC,1
KSDFVKHQRI,1
KVFEHVGSR,0
KVKFPVEKK,1
LDYEWGTVTF,0
LFGVCIYSF,0
LFQNTDLGSFHDLLR,0
LGNVWCFPY,0
LILFFHTLGLQTKEE,0
LILTYNLRNRIVFR,0
LIMQLMPFGCL,0
LLKAELVAGL,0
LLVDLAEEL,0
LMLEYQKILWK,0
LMTLHGFMMY,0
LPALAFTFFSL,0
LPHEAGFCV,0
LRIRDRYVM,0
LSETFQLLK,0
LSPTLNPIVY,0
LTAARPSQSVL,0
LVRRTLLHV,0
LYIWFKTACL,0
MEAIRLYQF,0
METLHIIYLEA,0
MLEYQKILWK,0
MLEYQKILWKV,0
MPLVILIVL,0
MPLVILIVLVL,0
MSQPDAQRY,1
MTLHGFMMY,0
NISEDVIFF,0
NNTDIRLIGEKLFHG,0
NRHDCWSLISL,0
NSKEETGHLENGN,1
PILEVEEMEPLPVM,0
PKPVLHMVSSEQHSG,0
PLFLVLLWV,0
PVKNLPQV,1
QELRELRFLLKEEQ,0
QSLFWSIFV,0
QWINYFDKRRDYLKF,0
REHALLAYM,0
RFLHDLHLL,0
RLDAVLMEV,0
RMWDFDIFL,0
RTDLVKSELLHIECQ,0
RTMAATTLK,0
RTSSTQQDNPK,1
RVRVMAIYK,0
RVYKCIFNH,0
RVYKCIFNHK,0
SEHSPVSEPV,1
SEIVPCLSERHKAYL,0
SFYNNLVSFASPLVT,0
SGLHIFPTKNLLIQ,0
SILEQMHRK,0
SLLRSLENV,0
SLRSHHYSL,0
SLVETPNYI,1
SMACVGFFL,0
SPMEKAISL,1
SPPHPGRLPDL,1
SSEDDGFFLGK,1
SSSKAPLPSL,1
TAHLNCNLF,0
TLHGFMMYL,0
TLIAIFPYARL,0
TQFLYIWFK,0
TSDYLSQSY,1
TSFLSINSKEETGHL,0
VADINDHAL,0
VAGCYLKYKNKNSLS,0
VFTQSFITVSI,0
VLAMAIYKQ,0
VLDGFIPGT,0
VLICLRLLMRY,0
VLWDYVYQL,0
VLWDYVYQLL,0
VRRASVCLITL,0
VSALSRAAEK,0
VYRPLHYPLL,0
WTGATITVTIK,0
WVLALFDEV,0
YFATLITELF,0
YILKYSVFL,0
YKLVVVGAV,0
YLCAGAVYF,0
YLTDKDFEFA,0
YMMNSVQENF,0
YVRVTVQARVM,0
KPLFRRMSSLELVIAGIVEN,0
RMSSLELVI,1
MLMAQEALAFLMAQGAMLAA,0
QGAMLAAQERRVPRAAEVPG,0
APRGVRMAVPLLRRMEGAPA,0
AYACNTSTL,0
CLSRRPWKRSWSAGSCPGMPHL,0
RTAACFSCTSRCLSRRPWKRSWS,0
VYFFLPDHL,0
VLPDVFIRC,0
VLPDVFIRCV,0
RSDSGQQARY,1
AARVSTSRRIPTEASRAPQRIPAPSPTST,0
AEGASVPRLAGPPPVQDRLPPCISSAGA,0
AGPKPSSSEWAVCWAP,0
AIKESPKANK,1
AIKTSPKANK,0
AKRHLIEMGTCRVEKWHTTKCELNIVWIKK,0
AYLISECAFPAFLLSELLFKQKTSCFYYKKKK,0
DEVFGSSRL,1
DKGHQFHVHPLLHSG,0
DYTPGKKKKKLGPKK,1
EEFLRLCKKIMMRSIQ,0
EPRWRRRRRRRWRWPVALQGVTTGVPRG,0
ERRGVSRSFPGRCHRYSGWGRRGPDLG,0
FEDRYVCHGISPMGTGFSLYC,0
FLIIWQNTM,0
FPSDSWCYF,0
FSIIHITLL,0
GARGGDPGRGYGPRGPGEWQHR,0
GEWQHRGNCSQPRARGAK,0
GLTRISIQRAQPLPP,0
GQEPLSHPALCSGASRWGCAG,0
GVPRGAPCPKPSLGTAATTFRRGGASGA,0
HQWLALLPLHGNRGLCGCSHR,0
HSVTDTVDYSLAMPGSK,0
HSYQLYTHPLLHPWD,0
IPVAIKTSPK,0
ISIQRAQPLPPCLPSF,0
IVKILSHLLLNRKQQLDSLASIL,0
KHLPQIFFRACVESAVWWMHSKKK,0
KKADASHCIQQILEAATLPSDGRGPSGPEA,0
KKKDTELQMEGSPISSSSQLSPLAPFGTNSQ,0
KKKEALFLQEVFQAERLLLQEEQEGGWRRR,0
KKKKKKLFFLMGLLFYGHHIQVFHRGCVNL,0
KKKKKPLEYPPDLGRATGAAAAADPSDADD,0
KKKKNEDILCPHAVFFFFQIYFFKLR,0
KKKSILLWKLQFDDNGTGEEPT,0
KKSGTFPFNEDEDINPKCCIYVPTKSMERNFW,0
KKYGHHIQVFHRGCVNLRITVGKWPQWHLF,0
KRKEEERKKKRNRPEEGSC,1
KRRWSALVI,0
KSAGDTHGPGWYPEVHGSRGIRGCYKLPK,0
KVDRERARQGTGSGPRV,0
KWKRGSEPVPEKKIG,1
LFRIKFKEPL,0
LHLVKRGAGTQEAGPAQRLYRGFSR,0
LPHLQGAF,0
LPLHHCPTRRRLLGPPKGPRLEPRWRRRRRR,0
MPLQTPTASWAWTSYSMPPWRIWWNITRR,0
NSTGSCATSWTTASGVGPGATS,0
PEGEKVKIPVAIKESPKANKEILD,0
PERRGVSRAFPGRCHRYSGWGRRGPDLG,0
PRAARGARVRVAAVHRHQQDLH,0
PTTGYRWMRRSQEKEECRAYMQMLRKLF,0
QLYTHPLLHPWDHRD,0
QQDLHGGAQLRGPGAPGHRAVRQPWRP,0
QVLPDADTLLHFARKVLQMDFLVHPA,0
REVREPGAAGRCRRSGACVPAAPSPFARSSSS,0
RIWWNITRRNPSLPWGRSIPVVSRTSC,0
RKRHLARTLLTAAREPRPAPPRHPPIKCEVLR,0
RLDPRMSTLQK,1
RLQPVHLDVWGEHERG,0
RLSSCVPVA,1
RMPLHEGSPLGELSSLYP,0
RRGPDLGQSQAGSNPITSRIDPCTPSSSTTP,0
RRRQEQQQQRQEQKK,1
RSLSSKASSPNCSAARVSTSRRIPTEAS,0
SAAREGGGQWPGPGRG,1
SHQIHSYQLYTHPLL,0
SIPVVSRTSCLTTWSCLSDSLHQGHPTASK,0
SLQQELLSALLSSGVRCWFRPWRS,0
SLVSPQPPQDGCPGLLPAPGALSATKK,0
SLYKFSPFPL,1
SPKANKEILDEAYVMAYVMAGVGSPYVSRLLG,0
SPSNETPKKKKEALFLQEVFQAERLL,0
SRGIRGCYKLPKGCIFEDRYVCHGISPMGT,0
TCLCLGPFTAPNASSRPAAP,0
TPSSSTTPSAPRGRQWPLEYPPDLGR,0
TTQEADSANTLQKQK,0
VKEDNIEAVGKKLHEI,0
VKIPVAIKTSPKANKEI,0
VSPHPRAPSTVACAPPNSTGSCA,0
YGMWGGGDAGCGRPPEPAGGGQAAAATEGGKK,0
CLAVEEVSL,0
FRYYRVSILL,0
ILPKVLILI,0
KIISFYTALL,0
KMILTGILLI,0
KSDIGWIWELW,0
LLHASFVTL,0
LLHASFVTLGK,0
MILTGILLIEI,0
RFWLRGGRCW,0
RYYRVSILL,0
KVYEGVWKK,1
ATGFKQSSKALQRPVAS,0
DKESEEEVS,1
GFKQSSKAL,0
IGRIAECILGMNPSR,0
MMYSPICLTQT,0
NSNHVASGAGEAAIETQSSSSEEIV,0
PVTWRRAPA,0
QFIDSSWYL,0
QRPYGYDQIM,1
REEMEVHEL,1
RIAECILGM,0
SLASPLQPT,1
SPANSIRHNL,1
SPQNSIRHNL,1
SSKALQRPV,1
TMKQICKKEIRRLHQY,0
WRRAPAPGA,0
AAAASYPAL,0
AAEYGAEAL,0
AAFRERASL,0
AAIAASRSV,0
AAKAALEDF,0
AASRSVVM,0
ADLTRVETF,0
AEAERLDVKAI,0
AEAGPEPEV,1
AEAPHLVQV,0
AEAPHLVQVDA,0
AEETPPFSNY,1
AEIATRLA,0
AERLDVKAI,0
AETYETTLEK,0
AEWRNGSTSSL,0
AGAGASPFREVDE,0
AILLPQPLK,0
AKVGTRLVF,0
AKYPAPERL,1
ALIQNKVL,0
ALQSRLQAL,0
ALSELSDLHA,0
ALSELSDLHAHKL,0
ALSPTLLQSL,0
ALWDRVVDL,0
AMAPERTGW,0
ANALAHRY,0
APAAAGAAL,0
APFPLGDSAL,0
APGGTGIVSA,1
APKKPTGVDL,1
AQFAGKDQTY,0
ARTSGGYVKL,0
ASADGTVKLW,0
ASGNHHVW,0
ASLDKFLANV,0
ASLTVMVL,0
ASPAVLEL,0
ASWVVPIDIK,0
ATAAKQVAAKP,0
ATIVPELNEI,0
ATPSLHTSV,0
AVHASLDKFLANV,0
AVSKPGLDYEL,0
AVTSVKVSQF,0
DEERIPVL,1
DENITTIQF,0
DFATPSLHTSV,0
DFILKPEL,0
DFLTEGGGV,0
DGVGKSAL,1
DHFETIIKY,0
DIFQVVKAI,0
DIKSEAQEEV,1
DISEYRVEHL,0
DITEVPDFSK,1
DLAGGTFDV,0
DLAGGTFDVS,1
DMAAQITQR,0
DMNQVLHAY,0
DPEEVLVTV,0
DRIINTLSI,0
DSPDGSNGL,1
DTSPVAVAL,0
DTVEYPYTSF,1
DVKAIGPLV,0
DVSVQVER,1
EAAPPFRGQVLF,1
EAARVAEQLRA,0
EAAYIGSMR,0
EAGNNSRVPR,1
EAGPGRALV,1
EEADFLLAY,0
EEATAAWAV,0
EEEAFGILP,1
EEEKFYLEP,1
EEEYPGVTA,1
EEPFGVIVH,0
EERVIDEEY,1
EESVMLLTV,0
EETPPFSNY,1
EEVTPILAI,0
EGSLGISHTR,1
EHIPESAGF,1
ELDPDIQLEY,1
ELNARRCSF,0
ELPDEVVVPL,1
EMDMHLSDY,0
ENITTIQFY,0
EQNFVSTSDIK,1
ESLIACKA,0
ESSPSIVHR,1
ETLKPGTCVKR,1
ETPPFSNYNTL,1
ETSKQVTRW,1
ETTEEMKYVL,1
ETYETTLEK,1
EVADAATLTM,0
EVLGSGMHHY,0
EVPPPGPAR,1
EVRPVETLR,1
EVRWFQSQF,0
EVTPILAIR,0
FADPIAANL,0
FAFDAVSKPGL,0
FAPKMSEIIL,0
FATPSLHTSV,0
FAVTEYPTL,0
FAVTEYPTLKF,0
FFLSLHGHKL,0
FHATNPLNL,0
FKLLSHSL,0
FLANVSTVL,0
FLANVSTVLTSKY,0
FLLDSCTKL,0
FLNDIFERI,0
FLSLHGHK,0
FPSPSKTSLTL,1
FPVHGFPT,0
FPVHGFPTL,0
FPVVNSHSL,0
FPYPGMTNQ,1
FQNALIVRY,0
FQRDYYDW,0
FVPPTAISHF,0
FVSTSDIKSM,0
GDFLTEGGGV,1
GEAGPGRAL,1
GEELDPPWL,1
GEVRPVETL,1
GEYIIRCSEI,0
GIAVSEEDTL,0
GLLDEAKRLLY,0
GLNVPVQSNK,1
GLRPTVDAL,0
GLSALILRY,0
GLVGIVVGTV,0
GPEELGLPM,1
GPSIHPGFLPW,0
GPYPFVQAV,0
GRSSTFISH,0
GRTGAGKSFL,1
GRTPLMISK,1
GRVLIGEGVLTK,0
GSLQLPPPR,1
GTIFIIKGVR,0
GTIFIIKGVRK,0
GTKKDVDVLK,0
GTSAPRKKK,1
GTTLILSKV,0
GVANALAHRY,0
GVSKIIGGNPK,0
HAAEYGAEAL,0
HDHFGIVEGL,0
HEDVKEAI,0
HHARLIFVF,0
HIKIEPVAI,0
HIYGSGGYAL,0
HPVSDHEATL,0
HRSYIDYLL,0
HSKPEDTDAW,1
HSPFTATSL,0
HSYSELCTW,0
IAASRSVVM,0
IAVSEEDTL,0
IEEDSAEKI,0
IEHNIRNAKY,0
IEVEVNEI,0
IFDLAGGTF,0
IFDLAGGTFDV,0
IINTDTLA,0
IKREYEQTLK,0
ILKSTVAVI,0
ILRDTSEDLGL,0
ILWESASLL,0
IPASVSAPK,0
IPTEEKPYKW,1
IQDQIQNCI,0
IQEIFAVPK,0
IQERLQKI,0
ISTFRQCAL,0
ITIPFDFDY,0
ITSELRAVEI,0
IVFIATSEF,0
IYTSSGQLQLF,0
KFLANVSTV,0
KFLANVSTVLTSKY,0
KIFTTSGNLK,1
KIREAEQQRVK,1
KIRGIVSEK,1
KITEPASVPIHK,1
KKFQSFQEH,1
KLDADINVT,0
KLFEDRVGTIK,1
KLFHDMNVSY,0
KLKAERQRGI,1
KLLSHSLLVTL,0
KTPEEIHKTF,1
KVCCCQILL,0
KVFKLGNKV,0
KVVLPSDVTSY,1
KVVTGVANA,0
KYINKTIRV,0
KYINKTIRVKF,0
LAETYETTLEK,0
LAGGTFDV,0
LAGKVLAL,0
LALATQRISRP,0
LAMVPSHAV,0
LAMVPSHAVVA,0
LELDELNRH,0
LELKAVHAY,0
LFHDMNVSY,0
LFLPVHRSYI,0
LFQQGKDLQQY,0
LFVVFQTVY,0
LIERSQSPV,0
LIERSQSPVHL,0
LIFDLAGGTF,0
LIKQIFEGV,0
LLFLPVHRSY,0
LLGRGQEAHL,0
LLSHSLLVTL,0
LLSHSLLVTLA,0
LLSYPRLL,0
LPALRSLGL,0
LPDEVVVPL,0
LPIQYEPV,0
LPIQYEPVL,0
LPSDDRGSL,1
LQARIAHQI,0
LQLNVKNGSF,0
LQLSQALSL,0
LRLTALLLR,0
LSAPLPLL,0
LSDPSIPGR,1
LSHSLLVTL,0
LSVMEEVLI,0
LTEKVSLLK,0
LVEPEGIEK,1
LVGPAQLSHW,0
LVVVGASGVGK,0
LVYDVSHNIAK,0
LVYGPLGAGK,0
LYEETGEFL,0
LYEETGEFLPI,0
MAIEAQQKF,0
MELKVESF,1
MIVRPSQPR,1
MLMKNISTK,0
MMPPLPGI,1
MNQVLHAY,0
MTFGLTDRPQL,1
NEKGKALIY,0
NEQSKLLKV,1
NETPVAVLTI,0
NFKLLSHSL,0
NIALSPTLL,0
NIREVGFEY,0
NSKRKAETL,1
NVDMRTISF,0
NVKNGSFVAK,0
NVLIFDLA,0
NYGTNVPVEF,1
PLDTEDAVR,1
PRAPGPQGF,1
PRGPAPAAL,1
PTDTNVLRY,0
QAQTDRVSL,1
QASGNHHVW,0
QAVAAVQKL,1
QDVSVQVER,1
QEFAPLGTV,1
QEFAPLGTVG,1
QEPVLGPV,1
QEVRNTLLNV,1
QIFEGVYYL,0
QIIPTEEKPYK,1
QLNVKNGSFV,1
QLPEPLPGL,1
QLYEETGEF,1
QMKNPILEL,1
QPSGVPTSL,1
QQLDPDEKIAY,1
QSYLDSGIHY,1
QTAAAVGVLK,0
QTDQMVFNTY,1
QTKPASLLY,1
QTYAVPLI,1
QVIVGVLQK,0
QYMDSSLVKI,1
RATIVPEL,1
RAVEIQIQEL,1
RDRDHERRL,1
REITDQEHNVVA,0
RFKDLGEEHF,1
RIKQTARK,1
RILNPLVSK,1
RIREGQTLR,1
RIRRENQVL,0
RLAETYETTL,0
RLFGFQVGR,1
RLFKGYEGSLIK,0
RLIERSQSPV,1
RLIKQIFEGV,1
RLLFSTLTSK,1
RLLGNVLVVV,0
RLLSAVTAR,0
RLVTVLEHRL,0
RPRAPGPAP,1
RQAQTDRVSL,1
RRFLAARAL,0
RRTELLEDL,1
RSMRTVYGLF,1
RTQDVSVQVER,1
RVATKGAATPK,1
RVDGRMLQY,1
RVLIGEGVLTK,0
RVYVHPFHL,0
RYLVRAIL,0
RYVLHVVAA,0
SAQGSDMSLTACKV,0
SARIIGVSH,0
SASLHPATV,0
SAVPVNHTQVM,1
SDESLIACKA,0
SDMSLTACKV,1
SEETKENERFTV,1
SELQKIHKA,1
SELSDLHAH,0
SELSDLHAHKL,0
SELTVHQRI,0
SENVYVNTA,0
SFGGSYGGSF,1
SIKDGEAVWV,0
SITSELRAV,0
SMAARVPI,0
SMRYFYTAV,0
SPALASRVA,0
SPFTATSL,0
SPHTPRRTSL,1
SPLQKALLA,0
SPSKTSLTL,1
SPVLGLRGL,1
SRFLKSDIF,1
SRFLSQLDK,1
SRKEFEPIL,1
SSAAAPFPL,1
SSTSNRSSTW,1
SVAGGLFVGK,0
SVKPHLCSL,0
SVLLPENYITK,1
SVRENRSLF,0
SVSDISEYR,1
SVSDISEYRV,1
SVTNEFCLK,0
SYIDYLLLTF,0
TEEDVKIKF,1
TEGGFVEGVNKKLSL,0
TEILLRKL,0
TEQKQTSVL,1
TERIVAVSF,0
TEYKLVVVGAV,0
THHQQDPAF,1
TLNQIDSVKV,1
TLTKNIVEL,0
TPLATLKST,0
TPLTKDVTL,0
TPSAAVKLI,0
TRISNIFVI,0
TRKVPQVSTPTL,1
TSIVVSQTL,0
TVAVIIFPV,0
TYITERIVAV,0
VAKGFISRM,0
VALVVPVSI,0
VANALAHRY,0
VDNIIIQSI,0
VEIEQLTY,0
VEMLGLISC,0
VENQKHSL,0
VEYPYTSF,0
VFKDLSVTL,0
VGADGVGKSAL,0
VGEVTSTSKYC,0
VGVGKSAL,0
VIMLNGTKK,0
VKNGSFVAKI,0
VLDAGSSHTSIY,0
VLLLRLAET,0
VLYHGQVL,0
VNLPINGNVKQ,1
VPDQKSKQL,1
VPILNPVVY,0
VPLPGPPGPPG,1
VPPFLQPE,1
VPVNHTQVM,0
VQVALSRV,0
VSKIIGGNPK,1
VSKPGLDYEL,1
VTLDVILER,0
VTNHAPLSW,0
VVLPSDVTSY,0
VVSHPHLVYW,0
VVVGACGVGK,0
VYVNTAHL,0
WILKSTVAV,0
WILKSTVAVI,0
WVVSHPHLV,0
YAQLHSFTL,0
YDLQTVPIE,1
YEAAYVGAY,0
YEETGEFLPI,1
YEHEDVKEA,0
YEHEDVKEAI,0
YHGDPMPCL,1
YIDERFERY,0
YLSELLQTV,0
YNTDDIEFY,0
YPAPQPPVL,1
YSDNSNDSF,1
YSNYYCGLRY,0
YTAVHYAASY,0
YTFEIQGV,0
YTFEIQGVNGV,0
YTTVRALTL,0
YVFGKPFATPLGY,0
YVSEKDVISAK,0
YVSEVPVSV,0
YYSAVDPTK,0
EVYAAGKYV,0
YAAGKYVSF,0
LAMSDVSHPK,0
AMSDVSHPK,1
FRYVAQAGL,0
TLFLLSLPL,0
FLLSLPLPV,0
SVLDDVRGW,0
LTSQGKSAF,0
HETLRLLL,0
IIAPPPPPK,1
KILILLQSL,0
KISLYLPAL,0
KPSVFPLSL,1
LLAATILLSV,0
LPFEQKSL,0
LVFNIILHR,0
MISPVLALK,0
QRFQGRVTM,1
RIFGFRLWK,0
SLREKGFSI,1
SLSYLILKK,0
SLTALVFHV,0
SRFSGVPDRF,1
SSASQLPSK,1
SVIQTGHLAK,0
TSFAETWMK,0
TSIPKPNLK,1
TTLKYLWKK,0
TYTQNFNKF,0
VPAALRSL,0
HSPSPFYQL,1
IHNNAAKSL,0
KLGGNRQLNY,1
LHLETPLVVK,0
LRNSGGEVF,0
LTFVPNTGK,0
PEKEQRKTL,1
PRAAGPDPRL,1
PRLEHCIEY,0
PRTPLSYSI,1
PRVPPVEYL,1
QPMDTRQLY,1
RAPKQMSLL,1
RAPNIHRHVIL,0
RHIDLKLNK,1
RRIDVINVF,0
RSADHAISL,0
RSFSGGFGA,1
RSLATLNEK,1
RSMAPPASR,1
RSPTAEGVL,1
SPRGEAQLK,1
TRYPTPVQK,1
VPSEPKLLS,1
WPVLLLNV,0
