,sequence,y_true,y_pred
0,MLVIKKDNTRQALIPDKIFEAVFMAASDADFEYNEANQVAEDVTTLVVNKLLSSNKSSVTIFEIEELIEDTLMSSCWKQVARKFIEYSHDRQQARDLRSSLHQNIIGLVNQTNPDLLHENANKESALFHVQRDLLAGEISRHYALNYLLPRETAREHIAGNIHFHDLDYSPMMGLTNCCLVDLKGMLERGFKMGNARIEPPKSIQTAATVVSQVAAAVASQQFGGTSFDRLDEVLAPYVARTFKKEYKRAMNMYRRFTGTDVVVDPLALSVIESEAKIATKKAVMDACQTLEYQVNTIYCTNGQTPFLTFGFGLGETWEAKLIQEGILRTRIQGLGEDKITPVFPKLVFTLKKGLNLDKEDPNYDIKVLALECASKRMYPKNYWGF,1.0,0.54890424
1,MALNDDATLVIGSGNYLTAPVGTDIPADLLSPNSPWANVGHTSLEDIFSISSEGGEATVIGTLQNKSLRTKYSARTETMTFTLQQFDEAGLKLYYGANAPILPDGSVGVPTDPEPTTSAFLAIFVDGDNHFAFYAPKAEIYRADDLALADTESLAGLPLGVKPMAHGTNTWTYSVTPLGGGVPATGATAGSPGSFTPAGAAVPADFADLADVTASPTTAWTTGQRVVLGDATTAYWNGTAWAVGQAA,1.0,0.5446573
2,MRKINFENHFTVDRDSSEPVYQQLVEAVLYATKTGLMDRGDRLPSINELSRLYAVSRSTIEKSYNNLRDMGILASQHGKSYYINRLDPSPELKVLVLFNQLDAYNKEIYDAIGDSLGQRAEIDFQIYYNSAAHLKHLLRKKLAGCTHVVIIPHFLDDPVAGAQSIGRIPAQKLILLDADMPNLAENPGLVRENVTKDMPLALAELLPALRKYERISLVGGDDASCEPIRDAFSSFCEANNLTWRLIPGTEEAIPTAGEAFFVLSDEALMRLVGQINQSDLEPGRDVGMVAYRENDAKKTMLNGITTISPDFKAAGKAVADMVSTGHLQQIDNPFRVCVRASL,0.0,0.5202249
3,MPGIGYAKDMILEGKRCVVTGASSGIGLATAEGLAGLGADVVIVARDAVRGEAALGSVSEAGPGTATLHLADLSVQSEVRRLAAELLDAYPRIDVLVNNAGGLFERRTSTPDGLELTFALNHLAYFLLTELLRERLVASAPARIINVSSMAHRLGKLDWDDLQSERRYRPFFVYANSKLANILFTRELARRLQGTGVTANAMHPGAVASRFGENGGALMRMSYRAGKLFMRTPEHGADTVVWLASAPEIEGVSGSYFDSRKRCSPSRRARDREAAARLWRESERLVAASESAVAASESAES,0.0,0.45875806
4,MKKYIFMRVLRSLVSIFLVTTLTYTIIYTLVPRKLIFKQDPNYNKIATTADKRDNYENTVFERMGYIEYYDTKELQEKASSMDSSVTVEANATNKAIYEKYINQLGHGWTLGEFTESGQFYATREIPIFERVFHFYANLIDIDHTNKIQDPENPDLKRYLRFENDPAIGWSLVGSGTKHKYLLYFNSQFPFVHQNFVNLNLGDSYPTYANTPVLQVITQGQGQTKTAQVQFPTGKKTSSVNIYSRTYKSPSQADSREVASYGKDDPYTATESNYQYPSMIVSSAITGLIGLVLAYALAVPLGSAMARFKNTWIDSLSTGTLTFLLALPTIALVYIVRLIGSSIALPDSFPILGAGDWRSYVLPAVILGLLGAPVTAIWIRRYMIDLQSQDFVRFARAKGLSEKEISNKHIFKNAMVPLVSGIPGAIIGVIGGATLTETVFAFPGMGKMLIDSVKASNNSMVVGLVFIFTCISIFSRLLGDIWMTIIDPRIKLTEKGGK,1.0,0.5249532
5,MNESEKPTDRTTEPDAPVSPTGSSRHLDVVIDRPWREVYAFASDPRNLPRWAGGLAGSEVQREVSQWSMNSPMGRVLVSFVPENVHGVMDHTVTLPSGESVLNPLRVMALDDTSCEVVFTLRRGTMTEEEFTEDAAAVAEDLATLKEICERA,0.0,0.4841264
6,MKRGSININDTFNTDRGFIIIKELLPYKCGNNKIFIAECSICSNDKELWSYGSITYMTDEFNRKKVKCSCRIPKIKYTTKQKRILVDRLATSLNLTYSYPRKGHVKLVNNLTKYSKVISIDRFIEKEGIDKLINTVPMVCGRTIDEQVNRIIAVHPSYRDINIVDKDYITFRCKVCDVDKYSILDENIFTSNLKNLLSGRTICRCSDSYQKTFKRLSMEIEEVLEHNNFSFGMFSGNSNRVIWECGNCKCENNTSAANLLKGRGCSSCNRHGFKNNKEAWLYVVKLKNKDKYFYKIGKTNNEDWKERLDIQRRKGGGELVETLLVYKTIGYTISDVENRVKASLSCFENVPRNLHPDGFSECFFIEEEDLAYMMKCIVKEVMG,1.0,0.56866044
7,MNPSDLKPPHWALSERARKLTSSAIREILKVTERPEVISFAGGLPSPATFPAERMREAAERVLRDSPAAALQYSATEGFLPLREWIAERYRVRTTQVLVTTGSQQALDLLGKVLIDPASRVLVETPTYLGALQSFSLYEPIYAQVPTDDAGLLPEALTPELTKDARLLYAQPNFQNPTGRRLSVERRRALAAFARTSPFPVLEDDPYGALNYAGEPLPTMLSMAPDHIVHLGTFSKVLAPGLRIGYIIAPEELHFKLVQAKQATDLHTPSLTQRIAHEVIQDGFLDAHIPTIRKLYGAQCEAMLASLARHMPQGVSWNRPEGGMFIWVTLPAQIDSMQLLETAVANNVAFVPGAPFFANDAQKNTLRLSFVTVPPEKIEEGVARLGKLLRERL,0.0,0.4920757
8,MTYAEAMNKVNENATSMLSQTLEKQLTAITSEFDEVRTQLEPLQKRATELNKKRIDLQERIDDIKAVIMRSSSVEKRIEYYLNSPRTGGETYRDAANFFYELGVATNTYNPDTNQSVIRVAMNEDHSNLDQVYEAIKLIKPFVKMNENKQLYFDIMDHMLSEYESYCFVYDTDREVWEVHTYRSMTYNRDPLFASASLRKTLAYICKNHYYNPIEDVTYRG,1.0,0.5494779
9,MELRVLNYFLTVAREKTISRAADVLHLSQPTLSKQLKELEEELGVTLFIRGNRSITLTEDGLYLANRGKEILSLVELTTSNLLQNETISGKIMIGAAETRGFEFIGSLLNELREKHPDITFQLHSGNADDVLEKIEHGLLDFGLVINPVEKLQYDYLPLTIEDTWGILVNTKHPLAKKTVVTPNDIEANPIVVSNQSFIDNQLASWLGGHFEQLNVIGRYNLLYNASLLAKENIASILCIDGIINTENTNLKFIPFSPPLTAGLSIVWKKNQTFSSASKEFLRLIQKTCSK,0.0,0.54658943
10,MEQDVLINKLIDNHIYKLPDGRDLFEGSCEELAGLLKGDGENERSD,1.0,0.5030581
11,MSIDAIHIAKRAERAVLPLLTELLATGEQENRIALGELYSGDEFIQVQLVVTSRPADLLDDDSVMGDEA,1.0,0.47935233
12,MPKQCFGTSHVPLSPAVRAGDLVYVSGQVPVGSDGIVVKGGISEQTEQVLANIKAALALAGCTMDDVVKTTVWLEDARDFGAFNAVYARHFPKNPPARTTVESRLMIDIKIEVEAVAYRPL,0.0,0.5178569
13,MEDRDFFDLLHQQWAKTTGAEDTFWSVEKYKDGTERWKVYSVKVDEEGNEQKKLVASEVQNEQDADFIAAVHGCMPDLVRRLHMALDEADSADYQRDSRECRIAELELENQELQQSLADKNIEIGRLKD,1.0,0.5116565
14,MTSKPRFGGLLVCWRPANRFAGHSRPICEGTLITAGKNALVINSLSKLFNRAPWSIRAITTLSLLATSKPANPVRANKPTRPTNLREDSTR,1.0,0.5346524
